at,content,emotion_label,label_encoded
2024-11-19 2:12:16,Tolong lah ya sekelas AHM masa servernya berat banget,muak,5
2024-10-24 9:41:05,"Ketika lupa password dan sudah direset tidak bisa dipake padahal sudah benar, untuk para IT tolong perbaiki terkait algoritmanya mungkin ada kesalahan saat penyimpanan data tidak terupdate atau mungkin ini menggunakan ssg yang harus diredeploy",muak,5
2024-10-16 14:15:09,Mantap,senang,0
2024-10-03 6:48:00,Password gagal diperbaharui -_-,muak,5
2024-09-26 11:08:16,Tolong dong jangan dikitÂ² logout. Ganti pasword awal mulu. Kerjaan kami banyak. Profesional dikit lah.,marah,2
2024-09-23 9:37:37,"gimana ini developer nya sih mau ganti password aja susah amat, kalo ngga bisa ngurus apk mending tanya tuh ama anak"" smk udah banyak yang komplen masih aja ngga di urus",marah,2
2024-09-17 6:00:06,"Gajelas pw bener tapi salah katanya, coba lupa pw ttep gabisa, ampas",muak,5
2024-09-11 9:27:31,apik,senang,0
2024-09-11 7:34:45,"Oi,,, GA BISA DI BUAK NIH, RIBET BANGET PAKE APKLIKASI NYA, MAKIN KESINI MAKIN RIBET NI APLIKASI",marah,2
2024-09-07 12:46:33,Ini IT sekelas AHM bikin apk aja berantakan.. Nyusahin...,muak,5
2024-09-02 23:54:15,"Kacau...karyawan dibatasin bw HP,tp semua dipaksa lwt online..mau ngirit budget tp nyusahin karyawan..mana aplikasi lemot,sering error..ribet bener",muak,5
2024-08-22 2:53:40,Baguss,senang,0
2024-08-07 2:39:52,Sangat membantu,senang,0
2024-08-02 15:41:22,Sangat membantu pekerjaan sehari-hari.,senang,0
2024-08-01 13:22:55,Proses kpsm sangat lambat!,marah,2
2024-07-30 16:17:36,"Sudah ganti password 2 hari yang lalu, mau log in lagi malah salah password. Padahal password udh otomatis dan di save di google. Pake password yg aslinya ga bisa juga. Klik ganti password, malah keluar keterangan pengisiin salah. Apakah lg maintenance atau lg error aplikasinya?",muak,5
2024-07-30 10:37:19,"Eror terus buang 2 kuota g bisa login Bu,buang2 Waktu",muak,5
2024-07-30 3:59:45,Kenapa jadi salah username dan password tidak bisa masuk padahal username dan password sudah benar...,netral,4
2024-07-08 5:44:24,"Memudahkan kontrol absen, sisa cuti, registrasi MCU dan lainnya.",senang,0
2024-06-07 1:05:02,Mantappp tappp markataappp,senang,0
2024-05-31 6:29:57,Semoga di tingkatkan lagi aplikasi nya,netral,4
2024-05-30 1:37:08,Tidak berguna,netral,4
2024-05-18 2:56:25,"Sering eror, mungkin bisa lebih di perbaiki",netral,4
2024-05-10 15:12:01,Susah banget buat update,marah,2
2024-03-21 7:07:38,"sering ga bisa login tau tau log out sendiri ,",marah,2
2024-03-21 4:25:27,"ngga bisa masuk ,padahal kata sandi sudah tereset ulang ,tetep ngga bisa masuk",muak,5
2024-03-17 23:55:35,Diupdate malah ga bisa masuk pake username/pin....parahğŸ¤¬ğŸ¤¬ğŸ¤¬ğŸ¤¬ğŸ¤¬ğŸ˜¡ğŸ˜¡ğŸ˜¡ğŸ˜¡ğŸ˜¡ğŸ˜¡ğŸ˜¡ğŸ˜¡ğŸ˜¡ğŸ˜¡ğŸ˜¡ğŸ˜¡ğŸ˜¡ğŸ˜¡ğŸ˜¡ğŸ¤¬ğŸ˜¡ğŸ¤¬ğŸ˜¡,marah,2
2024-03-12 5:20:50,"Untuk kalender digitalnya tolong disesuaikan,sudah 2024 kok di aplikasi masih 2023",netral,4
2024-03-09 1:34:13,Error user sm pass udah bener gabisa masuk tolong lah diperbaiki lagi tim IT,sedih,1
2024-03-08 8:36:08,"Stiap berangkat absen perasaan ga pernah telat berangkat awal mulu,, ini di aplikasi kenapa jadi telat mulu... Jadi males asli. Woi benerin ngapa benerin",marah,2
2024-03-07 10:52:26,slip gaji bulan februari mana?? ayolah keluarkan ahem ahem,sedih,1
2024-03-02 7:14:57,delay cuy,muak,5
2024-03-01 9:01:35,"Unit baru turun semalam,udah bermasalah. bagaimana ini? Memang tidak ada quality control nya atau gimana sih? Bisa bisanya perusahaan besar kecolongan begini. Unit beat deluxe",marah,2
2024-03-01 0:45:48,"login b2e bisaa ,login ahm mobilee ,terjadi kesalahan truss g bisaloginn..., udh diuptade juga tetep g bisaaa",marah,2
2024-02-29 5:32:12,"Aplikasinya sangat membantu,membantu menambah emosi",muak,5
2024-02-28 5:22:18,"Maaf,cara login lupa pasword bagaimana caranya..",netral,4
2024-02-01 17:25:07,Mulai lemot euy..... Harus instal ulang dulu setiap kali dibuka makin ancur,muak,5
2024-01-30 4:29:33,Muter muter terus kaya gangsing aja,muak,5
2024-01-19 23:09:21,Okeee,netral,4
2024-01-18 11:15:45,PERBAIKI FITUR BIAR LEBIH SATSETTTT,marah,2
2024-01-09 18:47:37,"Aplikasinya sangat buruk,masa iya perusahaan sekelas astra,tapi aplikasinya gini?? Udah beberapa hari ga bisa di akses .",marah,2
2024-01-04 12:54:39,Mantan ahm apk pler,marah,2
2023-11-28 10:05:11,"Alhamdulillah apknya berjalan dengan lancar, Semoga makin sukses terus untuk Astra honda Motor.",senang,0
2023-11-14 12:58:00,Banyak bug,netral,4
2023-11-04 12:55:46,Tingkatin lagi fiturnya min masa bikin inovasi harus lewat web gk bisa langsung lewat aplikasi,netral,4
2023-10-31 14:21:17,ini AHM yang jual sepeda lipat berbahan bakar bensin itu ya??,marah,2
2023-10-11 6:37:52,"Rangka ayam geprek(eshaf), slebor miring, plastik tipis",muak,5
2023-09-10 15:51:19,Aplikasiy kurang,netral,4
2023-09-06 16:25:04,"Honda kualitasnya nggak kayak yang dulu lagi. Kerangka esaf yang gampang keropos lah, spakbor belakang yang miring, crankcase PCX yang gampang jebol, dan masih banyak lagi. Mending masih pakai motor pabrikan Yamaha atau Suzuki",muak,5
2023-08-28 16:08:31,Rangka Keropos + Fitur Lipat nya Apa Masih Ada ?,marah,2
2023-08-24 17:13:22,Motor Honda ya motor lipat,muak,5
2023-08-21 22:21:06,Woke,netral,4
2023-08-06 2:26:40,Bukan aplikasinya kurang bagus atau lambat,netral,4
2023-08-01 11:51:42,Percuma hp kaga boleh masuk pabrik... Mohon maaf Balik lagi ke b2e saja,muak,5
2023-07-28 15:33:02,Uninstal bikin aturan kok sepihak,muak,5
2023-07-28 4:30:31,Sering eror,marah,2
2023-07-27 13:34:58,Mulai ada kecerahan semoga lebih bermanfaat.,senang,0
2023-07-27 11:06:11,"Semua serba digital tapi hp gk boleh masuk,ada tikus dalem rumah yang di bakar rumah nya ya",muak,5
2023-07-26 11:19:35,Don,netral,4
2023-07-26 10:50:56,Lambat lemot,netral,4
2023-07-26 10:01:42,"Aplikasi gk guna,, hapus aja?! Ngapain bikin aplikasi tp karyawan tdk boleh bawa HP Buat apa aplikasi dibuat klo jaman digitalisasi HP saja gk boleh di bawa, percuma",marah,2
2023-07-26 6:59:05,"Aplikasi unfaedah,,",muak,5
2023-07-26 5:22:32,Merusak perangkat atau data,netral,4
2023-07-26 4:44:22,Aplikasi untuk era digitalisasi sekarang karyawan balik ke zaman nokia sms dan telepon... Bye,muak,5
2023-07-12 20:28:25,Semoga bisa jadi kartap NRP 82783,netral,4
2023-06-28 2:03:03,Aplikasi kurang efisien kebanyakan update,muak,5
2023-06-27 14:07:48,E payslip bulan mei dan juni belum ada padahal punya teman udah ada,netral,4
2023-06-25 14:29:43,TOLONG BUAT TIM IT YG BENER LAH LOGIN AJA GABISA,marah,2
2023-06-20 11:19:44,Cara masuknya gmn kok langsung login?? Aku pengguna baru,takut,3
2023-05-09 11:45:40,Ok,netral,4
2023-05-08 23:55:11,"Sangat sulit untuk log in,padahal tiap hari harus ngecek absensi",sedih,1
2023-05-08 4:43:55,Sering error...aplikasi nya,netral,4
2023-05-05 14:02:55,Buruk sekali error ketika log in,sedih,1
2023-05-03 11:43:22,Menyebalkan ohhhhhhhhh nooooooooooo,marah,2
2023-05-01 0:09:21,Susah login walaupun sinyal Ok. Tolong diperbaiki agar lebih baik lagi!!!,netral,4
2023-04-30 23:29:43,Biasa,netral,4
2023-04-28 7:05:12,Sering error,marah,2
2023-04-27 4:46:18,"Keseringan susah login,payah",muak,5
2023-04-09 15:25:57,"Susah login, setiap mao buka error terus.. Masa' setiap mao gunakan aplikasi mesti hapus dan install ulang Cuma gara"" sinyal lg lemah, akun di blokir Bingung dengan aplikasi ini, setiap buka aplikasi ini sinyal langsung lemah padahal udah pakai wifi juga",marah,2
2023-04-05 0:03:40,"Susah login,eror terus",marah,2
2023-04-03 14:34:06,Sangat buruk brayyyy,muak,5
2023-03-21 15:02:51,Kalender belum update,netral,4
2023-03-18 17:00:11,Tolong team IT kerjanya jangan terlalu santai kerja yang bener. Udah 1 bulan ga bener2. Ada keluhan dari karyawan udah komplain ke HRD mengenai scan in/out waktu OT ga kebaca di ahm mobile maupun b2e. Anehnya hari reguler terbaca sekali tap di reader datanya masuk ke ahm mobile/b2e. Di kasih waktu sebulan ngapain aja. Ini namanya dzolim,sedih,1
2023-03-17 12:11:05,Tolong Kalender di update sesuai tahun !,netral,4
2023-03-13 23:42:11,ğŸ‘,senang,0
2023-03-12 10:22:57,"Masih sering terjadi error pada reader,scan in oke keluar nama tp di aplikasi tidak tercata alia TA,coba buat IT nya agar setiap kali scan terdapat notifikasi scan in atau scan out,aplikasi d buat permudah jgn d persulit ketika tfk terbaca di reader/aplikasi,masa IT astra gak bisa buat notifikasi scan in/out,atau hanya jebakan batman?",netral,4
2023-03-12 6:47:36,"Aplikasi nya tolong di optimalkan lagi,, masa iya ngga bisa log in bae",muak,5
2023-03-11 16:31:18,Gajelas,netral,4
2023-03-08 23:48:16,Aplikasi sering berhenti sendiri,netral,4
2023-02-26 8:24:41,ğŸ’™,senang,0
2023-02-24 10:32:35,Keren,senang,0
2023-02-14 13:02:15,"sangat bermanfaat dan berguna, keren",senang,0
2023-02-08 11:23:38,"Mohon di perbaiki lagi, sering eror dan update",netral,4
2023-01-25 12:19:29,Sering logout sendiri,sedih,1
2023-01-25 9:27:34,Mau download BPKB ko ga bisa2 ya.,marah,2
2023-01-13 12:50:30,Ok,netral,4
2023-01-12 13:18:52,Update itu kalender yang ada di AHM mobile. Masa masih tahun 2022. Ayoo bantu kasih tau tgl merah dan cutinya,takut,3
2022-11-29 17:43:05,Tolong terus di perbaiki agar karyawan muadah aksesnya,muak,5
2022-09-26 5:14:54,"Harus lebih ditingkatkan lagi untuk kenyamanan karyawan, terimakasih!",netral,4
2022-09-17 2:29:58,Aplikasi nya kok bahasa inggris ya. Ini buat karyawan AHM di Indonesia kan?? Apa ga sebaiknya dlm bhs indonesia aja,takut,3
2022-09-05 7:59:36,Tolong terus diperbaiki agak karyawan lebih mudah mengakses aplikasi ini. TERIMAKASIH,takut,3
2022-09-01 14:23:53,Mau update data keluarga krn nambah anak 1 knp jd data anak yg lama yg berubah. Hadooh... resign ajalah,marah,2
2022-08-31 6:17:49,I love ahm,senang,0
2022-08-17 15:05:31,Kunaon kok teu tiasa masuk akun na???,takut,3
2022-07-21 7:47:56,Terlalu sering update,netral,4
2022-07-12 23:09:32,Kode Otp g masuk2 swaktu mau edit data,takut,3
2022-07-11 1:02:04,Ini apk apaan sih banyak kendala males banget Dikit dikit error Dikit dikit susah login,muak,5
2022-07-02 1:03:32,Semoga kedepannya lebih baik lagi Salam satu hati,netral,4
2022-06-23 19:48:17,Update terus bestie. Baru mau pake udh suruh update.,muak,5
2022-06-21 6:48:00,Josss,senang,0
2022-06-20 9:11:14,Ok,netral,4
2022-06-20 2:52:53,BUG...EROR Sudah 2 Pekan,muak,5
2022-06-20 1:34:32,Sekelas ASTRA loh bikin aplikasi kaya gini ğŸ‘,muak,5
2022-06-19 22:33:56,"Sudah beberapa hari tidak dapat login,, terjadi kesalahan mulu, tolong perbaiki",takut,3
2022-06-19 15:34:20,Aplikasi tidak bisa dibuka,takut,3
2022-06-19 11:56:37,IT ne turu. Gaji gede kerjo ne MINES. Seminggu apk gaiso dilogin,takut,3
2022-06-18 12:31:44,GG banget,senang,0
2022-06-18 2:47:40,bikin tengsin ni aplikasi mau pake evoucher eeh malah gk bisa di buka aplikasinya payahğŸ‘ğŸ‘ğŸ‘ğŸ‘ğŸ‘,muak,5
2022-06-17 14:08:34,Eror terus karna wajib aja jadi pake,muak,5
2022-06-17 11:02:07,nyenyenye,muak,5
2022-06-17 10:58:40,"Masa download payslip kaga bisa,, kalo ga server penuh force close.. tolong diperbaiki.",takut,3
2022-06-16 16:13:30,"Sangat kecewa, semingguan ngk bisa log in setelah disuruh log out berkala. Tolong segeralah diperbaiki. Terima kasih",marah,2
2022-06-16 7:25:48,Sumpah Apk samvah.,marah,2
2022-06-16 2:17:06,Mantaf aplikasinya Karna sy karyawan di sana....ğŸ˜… Tapi suka lemot ni apk ... Hadooh...,marah,2
2022-06-15 8:58:35,"Tolong lah ga bisa login ni, update Mulu malah ampas",muak,5
2022-06-14 6:44:44,"Nggk bisa login mulu padahal, hps Apk nya trs nginstall lagi ttp nggak bisa login",marah,2
2022-06-13 16:39:10,Tolong login di perbaiki server nya min Ngaco,muak,5
2022-06-13 14:59:52,"problem yang ada, tidak di tindak lanjuti ?",takut,3
2022-06-13 11:54:46,Ok,netral,4
2022-06-13 7:07:29,Susah login,marah,2
2022-06-13 3:04:56,knp g bisa login ni aplikasi g niat bikinnya p? pabrik sekelas astra bikin aplikasi abal2 gini malu2un aja,muak,5
2022-06-13 2:55:35,Jelek,marah,2
2022-06-13 2:45:01,Sering eror,marah,2
2022-06-07 22:50:42,"Setelah logout error,,,harus uninstal,, trus download lg...begitu terusss.sudah kesekian kalinya...",takut,3
2022-06-04 5:31:28,Aplikasii kagak danta,muak,5
2022-06-01 23:43:28,Server sering penuh,netral,4
2022-05-30 4:03:33,Aplikasinya semakin susah diakses...,takut,3
2022-05-29 14:34:35,Susah login,marah,2
2022-05-26 23:29:54,Sering error.,marah,2
2022-05-24 23:01:26,Ga bagus.,netral,4
2022-05-24 11:53:58,Ajiiib pokoke,senang,0
2022-05-24 10:27:28,Yang bikin apl lihat ulasan nggak pren?? Makin lama makin ngawur. Update terus tapi isinya sama. Tambah lemott iya!ğŸ‘,marah,2
2022-05-24 9:10:40,Ok,netral,4
2022-05-24 4:40:27,Aplikasi keren ini mah,netral,4
2022-05-24 1:57:29,Cek menu di ahm mobil cepat update,netral,4
2022-05-24 0:46:28,Update mulu..,netral,4
2022-05-24 0:04:11,"Lemot,aplikasi sangat buruk",muak,5
2022-05-23 23:51:46,Mhn diperbaiki di saat load server penuh agar ttp dpt diakses,takut,3
2022-05-23 23:23:00,Perbaiki apa yg udh dikeluhkan,takut,3
2022-05-23 17:46:52,ğŸ‡,senang,0
2022-05-23 17:05:27,update terosssss,muak,5
2022-05-23 16:25:43,Sangat membantu dlm beraktivitas,senang,0
2022-05-23 15:27:37,error mulu lemah,marah,2
2022-05-23 13:16:53,abis di update malah g bisa masuk... kelasahn pengguna external 00013... gitu mulu min... gmn ini mu laporan,marah,2
2022-05-23 13:14:05,Server lemot saat banyak pengguna yg masuk,takut,3
2022-05-23 10:39:49,Gk mau banyak komen lah..khawatir ada mata2nya AHM,takut,3
2022-05-22 11:38:49,sesuai kebutuhan,senang,0
2022-05-21 13:39:23,"G bisa login saat di butuhkan, sering server error / penuh jadi g bisa msk. Sebagai developer tolonglah pengguna aplikasi ini bnyak jangan semuanya di tumpuk di satu server , tambahin server lain bagi pengguna pengguna baru. Agar g susah mask.",takut,3
2022-05-21 7:21:04,Aplikasi Login.....,netral,4
2022-05-19 5:24:34,We Love Honda,senang,0
2022-05-19 3:05:24,"Login aja susah bgt, mau buka voucher ngga bisa-bisa,udah di alfa ini ğŸ¤¦ğŸ¤¦",marah,2
2022-05-12 4:14:05,Loading teruuuusssss...,muak,5
2022-05-12 2:52:33,Sering error.nyeselin,marah,2
2022-05-11 13:51:21,Aplikasi didalamnya kayanya ringan dah. Tapi UI nya berat banget! Bug demi bug yg gk pernah ada kelar nya. Fitur chat AI juga sering force close dan minim nya jawaban yg AI mengerti,muak,5
2022-05-10 13:22:42,Aplikasi AHM menuggu lama seperti loading sudah berapa menit muluğŸ¥²,takut,3
2022-05-10 6:32:12,"Ga ada bintang ""0"" yaa. Udah baik nih kasih 1",muak,5
2022-05-09 16:26:37,Tolong tingkatin kualitas servernya dan troubleshootingnya... Sangat tidak memuaskan memakai aplikasi ini....,marah,2
2022-05-04 15:01:04,Sangatt parahhhhhhh burik,marah,2
2022-05-02 12:38:46,Agar aplikasi ini di perbaik harusnya mempermudah bun mempersulit,sedih,1
2022-04-29 8:48:47,"Harus dengan internet kecepatan berapa agar bisa akses aplikasi dgn mudah ?? Lebih ke mempersulit, Lebih baik balik lg ke B2e...",takut,3
2022-04-29 8:07:34,Aplikasi apaan si gak jelasssssss?!!!!?,marah,2
2022-04-29 6:59:48,"Bobrok.,.,.,.,.,.",muak,5
2022-04-29 6:50:01,Aplikasi employee tapi LoLa ..sementara down star dulu...klo sudah tidak Lola baru kita up lagi,takut,3
2022-04-29 6:34:25,BUAT LOGIN SUSAHNYAAA MINTA AMPUN!,marah,2
2022-04-29 6:29:27,Waktu dibutuhkan malah ga bisa,takut,3
2022-04-29 5:57:04,Tolong sinyal bagus tapi gak bisa masuk,marah,2
2022-04-29 3:54:26,"Jal bayangna, lagi nang alfa garep bayar lewat vocer, malah apk e eror, garep emosi lagi puasa",takut,3
2022-04-28 7:01:10,bnyk.masalah,muak,5
2022-04-27 8:34:45,Ko gak bisa login kenapa ya,takut,3
2022-04-27 4:50:10,"Mau login aja, Sulit sekali. Tolong diperbaiki ya Admin.",takut,3
2022-04-27 4:09:46,"sangat susah diakses, padahal jam 2 malam saya buka berharap server tidak sibuk tapi aneh nya tetep saja susah buka...",takut,3
2022-04-27 3:42:10,Asal liburan server nya parah... Tolong cpt perbaiki donk,muak,5
2022-04-27 0:01:28,kebanyakan menu malah jd server lemot kalo mo nambah2 menu....bagus tapi disiapin servernya yg bagus biar ga lemot dl cek absen cepet skrg bisa jam2an yg bikin sapa sih ini,takut,3
2022-04-26 22:02:08,Tolong dong di perbaiki biar lebih bisa membantu,netral,4
2022-04-26 17:17:55,Tambah kacau nih min...benerin ngapah masa Saban mau masuk server penuh Mulu...,takut,3
2022-04-26 14:26:56,Lagi dibutuhkan malah gak berfungsi,takut,3
2022-04-26 11:41:06,Aplikasi yg lebih banyak nyusahin ketimbang memudahkan...,muak,5
2022-04-26 10:40:52,"Tolong di perbaiki,mau masuk ke apk nya aja susah sekali. Udh sering banget update tapi gaada perubahan yang baik",marah,2
2022-04-26 10:13:13,Aplikasi nya lemot,marah,2
2022-04-26 10:07:12,"Sangat mengecewakan,memalukan.. lemot sekali apk nya",marah,2
2022-04-26 3:50:43,Knpa harus ada pin nya sih.. jadi ga bisa masuk nih,marah,2
2022-04-26 2:43:37,"Tolong betulkan servernya, saya bingung mau liat notifikasi ga bisa masuk"" Padahal penting mau liat pindah plant atau tidak, tolong betulkan trima ksih",takut,3
2022-04-26 1:01:19,"Aplikasi yg kurang bersahabat,masuknya susah + lebih ribet daripada login mobile banking,cek kehadiran lebih cepat tanya ke admin seksi daripada nunggu loading AHM mobile.",takut,3
2022-04-25 22:12:52,Aplikasi yang sangat ga bermutu...kalo belum sanggup bikin aplikasi mending ga usah dibuat,muak,5
2022-04-25 22:01:28,Aplikasinya gak bisa digunakan buat log in aja susahnya minta ampun malah nggak bisa,marah,2
2022-04-25 20:41:11,Servernya luar biasa buruk,muak,5
2022-04-25 17:56:17,"Aplikasi banyak bug, loading lemot, mohon ditingkatkan. Minta upgrade mulu tapi tetep saja lemot. Bikin hp kerja extra...",takut,3
2022-04-25 17:03:48,Kaga becus,muak,5
2022-04-25 13:07:25,Sering susah masuk ke menu aplikasi buka aplikasi juga susah kadang ga bisa,marah,2
2022-04-25 8:32:02,"Lemot bgt,mohon segera diperbaiki.",marah,2
2022-04-23 8:33:15,Kenapa klo hari sabtu minggu susah buat masuk nya... Apa apa digital mending kalo mendukung.. Voucher digital giliran mau di pake susah masuk nya hadddeuhhh,takut,3
2022-04-23 1:51:25,Aplikasi tambah lemot ğŸ˜´ğŸ˜´ğŸ˜´,muak,5
2022-04-23 1:46:41,Makin berat buka aplikasi,muak,5
2022-04-23 1:20:19,E voucher gak bs ditampilkan gimana solusinya?,takut,3
2022-04-23 0:52:21,"Login developer penuh terus,ga bisa buka vocher Tolong di perbaiki",takut,3
2022-04-22 22:50:43,LEMOT NYA MANTAP ğŸ‘,muak,5
2022-04-22 18:02:29,"SERVER SERING DOWN, GAK BISA LOGIN, MENU E VOUCHER DATA NOT FOUND, E PAYSLIP GA MUNCUL",marah,2
2022-04-22 12:53:08,Update trus tapi gaada perkembangan gimana mau nyaman penggunanya :(,takut,3
2022-04-22 8:49:27,Aplikasi payah suka eror,muak,5
2022-04-22 6:54:22,haddeeehhh.... aplikasi yg sangat memalukan... dah lemot. nyusahin karyawan,muak,5
2022-04-22 0:07:16,Sering error,marah,2
2022-04-21 15:22:31,Perusahaan gede tapi pake servernya murahan,marah,2
2022-04-21 14:44:39,Tolong lah perbaiki min. Masa iya banyak bug.nya. trus ini e voucher ko malah ilang padahal blum kepake. Apa ga kasihan semua karyawan jg pake iniğŸ™ğŸ™,marah,2
2022-04-21 14:28:54,Susah buat login,marah,2
2022-04-21 13:45:54,Lemot servernyağŸ˜‚,marah,2
2022-04-21 13:39:55,You know lah,netral,4
2022-04-21 13:23:45,Servernya di perbaiki,netral,4
2022-04-21 11:38:30,"Error mulu ya,...",netral,4
2022-04-21 10:56:10,Sangat buruk pokoke,muak,5
2022-04-21 10:45:41,Aplikasi error,marah,2
2022-04-21 9:40:37,Ini aplikasi banyakan error nya ketimbang fungsional nya,muak,5
2022-04-21 8:35:34,Lemot,marah,2
2022-04-21 7:40:13,Aplikasi jelek,muak,5
2022-04-20 23:47:27,Payaah bner masa udah semingguan ga bisa di akses.. udah pake WiFi masih ajaa ga bisa.. harusnya di buatkan link buat akses darurat jadi ada versi mobile dan versi desktop..,takut,3
2022-04-20 19:37:32,Harus nya IT bisa baca komentar netizen..,netral,4
2022-04-20 14:20:11,rruwet banget muter truus,muak,5
2022-04-20 12:32:09,"Tolong ya aplikasi disempurnakan. Jangan sebentar"" eror dgn alasan jaringan. Mau lihat absen aja gak bisa",takut,3
2022-04-20 11:24:20,Buat masuk aja susah,takut,3
2022-04-20 9:40:15,Kecewa untuk login aja susah nya minta ampun sekelas astra aplikasi kya gini aja error mulu parah,marah,2
2022-04-19 11:40:21,"Rating 2,2 untuk sekelas AHM , harusnya menjadi pukulan buat tim IT AHM , untuk login saja butuh waktu 2-5 menit,liat data absen in-out saja delay lama Kinerja terganggu",muak,5
2022-04-19 7:50:24,"Aplikasi busuk, kadang bisa di buka kadang nggak.. woy tolonglah di benerin servernya",marah,2
2022-04-19 2:27:37,Tambah Ancurr Lemottt Bangettt,muak,5
2022-04-18 10:35:19,Server penuh mulu,marah,2
2022-04-18 8:37:09,Tolong servernya toloong...,netral,4
2022-04-18 5:27:40,Ga ngerti dah Ini aplikasi susah banget masuk Perbaiki lah Kita kan di tuntut untuk teliti absen Juga ada keperluan lainnya Tapi ini seperti aplikasi ga berguna,marah,2
2022-04-18 0:54:31,"Gausah pake security coda ,susah bet tiap log out harus atur ulang , server lemot bukannya mempermudah inimalah mempersulit halaahhh , update aja mimta berkala gada perubahan sama sekali",muak,5
2022-04-17 10:11:16,Payah bosss ğŸ˜¤.mau masuk aja pake code security ga masuk2.buru di perbaiki.jangan makan gaji buta .!!!!!cengengesan doang di belakang layar..,marah,2
2022-04-17 6:02:43,Habis update gak bisa login. Device samsung M21 . Tolong di perbaiki,takut,3
2022-04-16 21:26:17,"Perlu banyak perbaikan secepatnya, tolonglah.. di suruh bergantung sama apk ini, tpi apknya ga jelas kaya gini",muak,5
2022-04-16 21:07:48,Tak banyak kata2 biar bintang yang menjawab,netral,4
2022-04-16 20:56:33,Mau buka e voucher ampun susahnya Server brobok,marah,2
2022-04-16 17:42:10,Sever sangat buruk,muak,5
2022-04-16 17:41:24,Update terussss!! Tapi makin buruk malah ga bisa masuk,marah,2
2022-04-16 15:18:19,Kode kesalahan 00009,netral,4
2022-04-16 15:10:40,"Apk sampah mau pake e-voucher ga bisa login ,bikin malu pas di kasir mau bayar sama sekali apk nya ga bisa di buka ,jam kerja jg susah buat pengoperasian nya ,niat bikin aplikasi ga sih",takut,3
2022-04-16 13:53:05,Lemoot,muak,5
2022-04-16 13:50:13,"Sering minta update,sering error juga,ga bisa di buka tolong di perbagus lagi Aplikasinya",takut,3
2022-04-16 12:33:04,susah masuk,takut,3
2022-04-16 11:36:14,Dengan tambahan pin malah gampang errorrr...payah,muak,5
2022-04-16 11:30:24,Lemot,marah,2
2022-04-16 11:21:26,Server down terus,marah,2
2022-04-16 10:18:17,Gw pikir nih aplikasi jadi mempermudah...sebaliknya bos..mepersulit..sulit login..error system dll. Erorr..,muak,5
2022-04-16 9:52:14,Aplikasi erorrr teruussss,marah,2
2022-04-16 8:18:21,Lebih diperbaiki lagi,netral,4
2022-04-16 6:49:30,"Gak bisa login, sampe 3Ã— dan akhirnya di blokir",marah,2
2022-04-16 6:35:17,Aplikasi kga jelas.. Lemot dan makin tidak bermutu,muak,5
2022-04-16 6:30:18,"Absen di menjadi tanggung jawab penuh karyawan,tapi di saat ingin mengecek absensi untuk masuk aplikasi aja susah bgt",takut,3
2022-04-16 2:52:45,Bgus,senang,0
2022-04-16 1:45:20,Aplikasi ga mutu server lemah.,muak,5
2022-04-16 1:19:28,Aplikasi menyulitkan sudah 1 minggu lebih tidak bisa log in sama sekali udah d instal ulang pun sama saja ğŸ˜¤ aplikasi ğŸ¤¡ğŸ¤¡ğŸ¤¡ğŸ¤¡ğŸ¤¡,takut,3
2022-04-15 17:26:29,Slip gaji ga bisa dibuka juga?,takut,3
2022-04-15 12:24:42,Please lah servernya perbaiki ğŸ™ğŸ¥º,takut,3
2022-04-15 12:00:30,"APK paling bobrok yg ada di hp gue! Udah re instal, udah pake semua cara yg udah dipublish sama adminÂ² tiap seksi tetep gak ngaruh, gak bisa diakses.",sedih,1
2022-04-15 11:31:00,"Masa pake ada minta PIN,giliran udah masukin pin muter doang kaya gangsing..aplikasi apaan sih ini hai orang IT",marah,2
2022-04-15 11:27:28,Aplikasi suka eror gajelas banget kaga berguna.,marah,2
2022-04-15 11:11:35,"Terlalu sering stuck di login, apalagi pas ada hal penting lalu stuck di login bikin jengkel, tolong di perbaiki",takut,3
2022-04-15 11:07:08,Udah masuk alfamart mau pakek voucher eh gak bisa di bukak dah terlanjur lagi terpaksa cash ğŸ¥±,marah,2
2022-04-15 9:54:13,Ini mau blanjaiin vocher AHM mobile g bisa kebuka. Kepriwe kie min ???,marah,2
2022-04-15 9:48:20,Sering eror paa tgl merah gak bisa dibuka ..kecewa berat pokonya,marah,2
2022-04-15 8:40:36,Aplikasi lemot..kebanyakan fitur,muak,5
2022-04-15 8:35:48,Lemot banget,marah,2
2022-04-15 6:45:32,Gk jelas,marah,2
2022-04-15 6:22:11,"Instal karena butuh, males sebenernya error terussss",marah,2
2022-04-15 3:53:25,"Kecewa parah woi Ama ni aplikasi udh semenjak di update jadi ngeleg gabisa masuk padahal jaringan aman tolong cepet di perbaiki woii gua butuh banget buat ngecek absen&slip gaji dll, udh seminggu masih error mana gua mau ngambil voucher thr gabisa ğŸ˜­",marah,2
2022-04-14 12:00:01,Walau sering masalah tp aplikasi ini membantu pekerjaan,netral,4
2022-04-14 11:47:19,Aplikasi yang sangat membantu dalam menguji kesabaran kita di bulan puasa ini. Tahan tahan jangan emosi,muak,5
2022-04-14 10:37:58,Selalu kendala server padahal koneksi internet oke Mohon bisa diperbaiki dan dimudahkan lagi untuk pengguna,muak,5
2022-04-14 8:43:36,Lemot parah,marah,2
2022-04-14 7:48:42,Lemot,marah,2
2022-04-14 6:11:32,"Parah ,,aplikasi itu,mempermudah bukan mempersulit,,orang2 IT kbnyakan cari muka/gaya doang,,hasil NOL",marah,2
2022-04-14 5:38:17,mau login aja susah,marah,2
2022-04-14 4:15:12,Jelek pait paiiiiiit,muak,5
2022-04-14 3:54:57,"Susah buat login, padahal data login sudah benar tapi semenjak ganti NRP baru gabisa login lagi.",marah,2
2022-04-14 1:15:51,Lemot aplikasinya...gembel,muak,5
2022-04-13 23:06:23,Lemoooot susah dibuka,marah,2
2022-04-13 21:36:59,"Aplikasi kok, kadang bisa di buka kadang susah di buka. Ga niat bgt",marah,2
2022-04-13 21:32:25,Parah banget ini aplikasi,netral,4
2022-04-13 20:45:27,IT nya gimana ni,marah,2
2022-04-13 19:12:11,"Aplikasi lelet parah, mbok server di perbaiki, pakai server murahan sepertinya",muak,5
2022-04-13 18:55:50,1 ja bintangnya,netral,4
2022-04-13 18:33:59,Loadingnya lama,marah,2
2022-04-13 18:02:48,"MP IT dan server jelek bgt,,,,",marah,2
2022-04-13 17:10:38,Aplikasi makin susah dibuka..kalopun mau lama loadingnya..plus pdf slip gaji nggk bisa dibuka....walopun pake file reader apapun,sedih,1
2022-04-13 16:01:19,Masih harus banyak perbaikan,netral,4
2022-04-13 15:59:08,"Susah login, malah balik minta pin security code",sedih,1
2022-04-13 15:58:58,Kenapa ga bisa login....,sedih,1
2022-04-13 15:51:41,Kenapa semenjak di kasih pin saya tidak bisa login,sedih,1
2022-04-13 15:39:05,Alhamdulillah d bulan Ramadhan ini masih di berikan kekuatan menghadapi aplikasi yang menguji kesabaran serta ketabahan kita...,senang,0
2022-04-13 13:10:48,"AkhirÂ² ini sering eror dan log out sendiri, tapi pas buat masuk ulang malah muterÂ² Mulu alasan koneksi Padahal jaringan amanÂ² aja",sedih,1
2022-04-13 12:26:57,"Update rutin kualitas tak sebanding,aplikasi lemot,sering eror",sedih,1
2022-04-13 12:22:48,"Bingung,,,, aplikasi ruwet. Hapus aja dri playstore. Buat login ja menghabiskan banyak waktu ğŸ˜ ",sedih,1
2022-04-13 12:12:08,Berat bestie,netral,4
2022-04-13 11:45:40,Masih harus byk evaluasi,netral,4
2022-04-13 11:24:52,"Payah yg bikin apk,buat login aja susahnya kebangetan.padahal pengguna'a gak sebanyak instagram/fb.Tim IT sebenernya bisa gak si bikin apk...kl gak bisa mending mundur aja!!!",marah,2
2022-04-13 10:34:05,Kseringan di-update..error mulu,muak,5
2022-04-13 9:50:34,Kacau dr kemarin susah di buka aplikasi ny,marah,2
2022-04-13 6:28:45,Ini server tolong dibenerin lagi udh seminggu mau login ngecek absen gabisa masuk. Pdhal sinyal kenceng buat internet lancar tp giliran masuk ahm mobile cuma bisa loading,muak,5
2022-04-13 5:40:32,Semakin menjengkelkan...,netral,4
2022-04-13 5:00:26,"Aplikasi yang cuma di akses buat karyawan aja,susah banget kalau mau masuk dg alsan server penuh,",sedih,1
2022-04-13 2:17:06,"aplikasi cukup bagus, sayang komennya ga ditanggapi. Bagaimana cara Print BPKB motor jatah? Kenapa tiap awal bulan harus selalu uninstall & install ulang mulu. Klo enga. Ya ga update. Lemoot pula",takut,3
2022-04-12 23:55:56,"aplikasi dibenerin,jgn kebanyakan update bener kagağŸ¤”ğŸ¤”",muak,5
2022-04-12 10:47:48,"Kok update teross tapi ngga bener bener sih ,padahal aplikasi ini salah satu platform buat aku liat absensi",sedih,1
2022-04-12 9:09:44,"Error terus,gabisa login.",marah,2
2022-04-12 8:35:57,"Aplikasi akhir"" ini nyusahin bgtz susah buat login...",marah,2
2022-04-12 8:15:52,"Aplikasi anehh, error mulu. Heran",netral,4
2022-04-12 5:44:31,"Aplikasi itu memudahkan bukan mempersulit, log in saja gak bisa apalagi cek payslip dan berbagai macam hal.",takut,3
2022-04-12 5:09:15,"Aplikasi minim manfaat. Loading lama Naudzubillah, pdhl buka aplikasi lain lancar jaya. disuruh Logout berkala, abis logout,Loginnya lagi susah. Buat mbuka aplikasi ni tuh ngabisin bnyk waktu, kaya orang ga da kerjaan nunggu loadingnya. Pdhl emangnya berapa banyak sih warga yg mengunduh aplikasi ini. Heran ni bagian IT sbnrnya kemampuannya udh memadai untuk pekerjaan ini blm sih, atau sbnrnya Budget buat divisi ini tuh sekecil apa sih. Kalo ada bintang 0 mah udh dikasih ini. Perbaiki segera lah.",sedih,1
2022-04-12 3:31:51,Wagu.. Ngga bisa di cek.. Katanya suruh ngecek di ahm mobile kalo habis ngeprick.. Ehh aplikasi lola bngt.. Sering eror lagi,sedih,1
2022-04-12 3:30:22,* nye Atu aje yeeee,netral,4
2022-04-11 23:20:15,Lemot di saat jam penting bahkan error',muak,5
2022-04-11 17:01:24,"Servernya jelek bgt,, sering gk bisa dibuka apk nya entaah eror atau jaringan notice nya pdahal sinyal full aman2 aja",marah,2
2022-04-11 13:52:11,"Aplikasi bukannya memudahkan malah menyusahkan, klo belum siap digital jangan maksain,,",muak,5
2022-04-11 12:18:47,aplikasi jelek loading truss.,muak,5
2022-04-11 10:05:36,Mau tuker voucher loding trus nih aplikasi.,marah,2
2022-04-11 9:01:52,Parah eror Mulu..voucher not found..kmren ad..bisa kaga si bkin aplikasi?,marah,2
2022-04-11 4:53:32,Enga nyangka banget aplikasi ya gini.... Bukanya mempermudah malah mempersulit.. Seengaknya mempermudah proses itu malah mempersulit jadi tolong buat yang buat .. dipermudah dalam akses masuk ..,muak,5
2022-04-11 4:50:37,Sinyal Full tapi muter2 teros..,marah,2
2022-04-10 23:55:52,tiap pagi error aplikasinya,marah,2
2022-04-10 23:47:03,"Ayo dong min perbaiki load server yang lemod banget,ğŸ˜Œ",marah,2
2022-04-10 14:00:54,"Aplikasi tolol, lemot, menyusahkan sekali",marah,2
2022-04-10 13:45:05,"Ya Allah susah bgt masuk nya padahal sinyal bagus tapi loading terus , mau ngambil e-voucher susah nya minta ampun",marah,2
2022-04-10 11:00:05,Aplikasi jelek banget,marah,2
2022-04-09 14:30:40,ga bisa akses e voucher saaat haru libur..,sedih,1
2022-04-09 13:50:50,"Kebanyakan pop up, kalo buka jadi lemooooot banget",marah,2
2022-04-09 10:03:31,"Aplikasi gag bisa dibuka maszeehhh, apa harus ganti hp dulu ya?",takut,3
2022-04-09 9:40:48,Aplikasi error mulu,marah,2
2022-04-09 8:09:52,"Payslip gak bisa dibuka,tlng perbaiki,sdh berkali donwlod ulang gak bisa bisa",marah,2
2022-04-08 11:58:58,Nggak bisa login..,marah,2
2022-04-08 10:34:58,TOLONG DIPERBAIKI KONKESI KE SERVERNYA .. MASA LIAT VIDEO YOUTUBE KUALITA 1080p LANCAR BANGET .. SAMA DOWNLOAD FILE BER GIGAÂ² BISA .. KO LOGIN DOANG MASALAH KONEKSI .. ANEH EMANG .. KALO BUKAN KARENA BUTUH SORRY DOWNLOAD INI,marah,2
2022-04-08 7:23:59,Masih banyak yang perlu ditingkatkan,netral,4
2022-04-08 7:08:15,Lemotnya minta ampun,muak,5
2022-04-07 6:47:19,Servernya membagongkan....,muak,5
2022-04-07 3:23:15,"Sangat membantu, tapi lemot",marah,2
2022-04-07 2:23:45,aplikasi aneh. sering bermasalah,muak,5
2022-04-07 2:21:28,"Itu slip gaji,dan KPSM kenapa ga bisa di buka,tolong benerin dong,percuma di update aplikasi terus,tapi ga ada perubahannya.. Semua karyawan mau ga mau harus pake aplikasi ini,jadi tolong pada pihak yg terkait jaga dan tingkatkan kualitasnya di semua menu jangan cuma 1/2 menu saja..",takut,3
2022-04-06 17:59:04,"aplikasi eror terus, ga jelas",marah,2
2022-04-06 14:38:09,Ugh,marah,2
2022-04-06 14:09:29,lemot,marah,2
2022-04-06 13:39:39,"Jangan terlalu bnyk nambahin fitur menu dulu,semakin berat aj aplikasinya.. Jangan asal pilih programer yg cm mau duitnya aj.Benerin dulu tuh BUG aplikasinya.. Msih bnyk programer handal di Indonesia klo cm buat aplikasi kyk gini.....!",sedih,1
2022-04-06 9:39:09,Masuknya susah Muter terus kayak gangsing,muak,5
2022-04-05 19:38:43,Slip gaji gak bisa dibuka,sedih,1
2022-04-05 18:03:11,Nyusahin .semakin hari semakin gk jelas,muak,5
2022-04-05 14:28:27,Susah banget klo masuk padahal sinyal bagus,marah,2
2022-04-05 13:55:13,Aplikasi dipaksanan wajib tapi app yg parah ampe ga hbis pikir... Ammppun deh..,muak,5
2022-04-05 10:43:38,"Server Over terus, Gak bisa Login! Mhn di perbaiki! Klo bukan butuh, mungkin sdh saya Un install ini aplikasiğŸ™",muak,5
2022-04-05 7:05:19,Lemot banget apk nya,marah,2
2022-04-05 6:01:13,"Aplikasine lemot, sinyal full tapi loading sue banget",muak,5
2022-04-05 5:11:05,Perbaiki aplikasi log in gak bisa2.tiap gajian jg gk bisa di buka..absen lembur jg gk muncul ğŸ™„,muak,5
2022-04-05 2:03:42,"Sorry turun 1 bintang, login ahm mobile saja butuh waktu 5 mnt bhkan buka menu utama aja lama nya minta ampun.",muak,5
2022-04-04 23:59:27,"Tau ga bos klo lupa absen ngurusin nya ribet..!!! pdhal udh ckup nyaman sama apk ini,bsa ngeliat absen scan in & out dan jga sebagainya. Tapi semakin ksni apk semakin lemod,tolong di perbaiki lagilah bos jgn terlalu lama sperti ini...",sedih,1
2022-04-04 21:18:10,Server nya bobrok,muak,5
2022-04-04 21:16:27,"Update mulu, tapi perubahan sedikit.",sedih,1
2022-04-04 15:35:50,Login aja susah,sedih,1
2022-04-04 11:32:22,Klo bukan karena butuh mah males gw instal aplikasi ini.. nyusahin doang.. klo belum sempurna di satu fitur jangan nambah nambahin fitur yang lain dah.. bikin lemot aja.. aplikasi sekelas perusahaan elit ko masih kalah jauh sama blog pribadi..mau login aja susahnya minta ampun...ga connect malah nyalahin koneksi internet nya... Padahal buat buka aplikasi yang lain lancar jaya ga ada kendala..,sedih,1
2022-04-04 10:47:58,"Update trus login susah muter terus malah eror, sinyal kuat pdahal 4G Telkomsel..",muak,5
2022-04-04 9:48:21,"sinyal banyak tapi ga bisa masuk sama sekali, sekelas pabrik terbesar bikin dev. ga niat banget",muak,5
2022-04-04 9:47:27,"Aplikasi apa ini susah log in,",marah,2
2022-04-03 13:45:27,bagus,senang,0
2022-04-03 6:52:16,"Min akhir"" ini slip gaji kok gax bisa dibuka ya ......tolong segera di perbaiki masalahnya...",sedih,1
2022-04-01 17:01:18,Slip gaji gak bisa di buka,sedih,1
2022-04-01 15:12:12,Slip Gaji tahun 2022 gak bisa dibuka semuaa,marah,2
2022-04-01 6:01:12,"Susah masuknya, loading Mulu , terus suka tiba tiba keluar sendiri",marah,2
2022-04-01 4:36:20,Aplikasi meded ..,muak,5
2022-03-31 16:00:17,"Payslip ga bisa dibuka, format file error'",sedih,1
2022-03-31 10:09:28,Tiap dowload epayslip g bsa data coruptet trus gmn mw liat slip gajinya tolong min.,marah,2
2022-03-30 15:00:03,Jooozzzz,senang,0
2022-03-30 11:53:06,Sering eror,marah,2
2022-03-30 11:50:37,Lemot,marah,2
2022-03-30 10:38:48,Kapan ni sacan in out mulai pakai sidik jari..??,netral,4
2022-03-30 10:36:08,Buka slip ga bisa2 payah bener,sedih,1
2022-03-30 10:33:17,"Lemot....update mlulu nih....boros kuota Habis update malah ga bs buka slip gaji ya,""format TDK valid""",marah,2
2022-03-30 10:31:24,Slip gaji gak bisa dibuka...bagaimana ini?,marah,2
2022-03-30 9:39:28,Sering eror ga jelas apk nya,marah,2
2022-03-30 6:25:26,"Aplikasi payah... Bnyk errornya.. Buka E-payslip aja gk bisa""",sedih,1
2022-03-30 5:55:21,Mau masuk aja susah bener. Coba bikin versi web juga biar ada opsi kalo sering error Udah di coba di 5 hape mau masuk aja ga bisa,marah,2
2022-03-30 3:32:27,"Maaf tolong perbaiki untuk masalah log in yang susah.. Ini sbenernya apk sangat membantu, tapi untuk masalah log in aja. Perbaiki bug dan server",sedih,1
2022-03-29 9:31:17,Semenjak ada aplikasi ini gajian jadi mundur 1 hari..,muak,5
2022-03-29 7:37:15,Bagus mantappp dan spesial,senang,0
2022-03-29 0:22:59,"Aplikasi terburuk yg pernah saya download, sering bgt error, klo tdk karna kebutuhan, sudah saya buang jauhÂ² niah apk.",muak,5
2022-03-28 0:52:27,"Tolong server lebih ditingkatkan lagi, karena aplikasi sering Down saat kita ingin mengecek absensi. Terima kasih",sedih,1
2022-03-27 4:46:38,Sudah scan in dan scan out tapi kadang ga muncul diaplikasi sedih saya jadi telat gara-gara scan ulang,marah,2
2022-03-20 14:32:43,"Apk buruk, ga bisa login",muak,5
2022-03-17 19:52:25,File epayslip TDK bisa terbaca,sedih,1
2022-03-17 10:35:49,Kalo ada bintang Â½ pasti tak kasih ğŸ˜‘,muak,5
2022-03-17 9:49:02,ğŸ‘,senang,0
2022-03-17 9:37:09,"Revisi bintang 1 . Buat developer nya mohon bisa diperbaiki. Semakin kesini , semakin sering error.",sedih,1
2022-03-17 9:13:00,Kurang support kurang support,marah,2
2022-03-17 8:57:42,"Mohon ijin, kepada developer AMH Mobile, signal saya bagus, tetapi untuk login menge-cek daftar kehadiran saya lama sekali, mohon agar developer agar pramuat dalam aplikasi ini di sedikitkan lagi, karna semakin banyak pramuat maka semakin lama masuk nya ğŸ™ğŸ»ğŸ™ğŸ»",sedih,1
2022-03-17 8:47:48,Aplikasi tiap hari eror gak bisa dibuka buat cek absen,marah,2
2022-03-17 6:46:38,Tiap buka applikasi minta pin....setelah masukan pin dan simpan.....applikasi loading tiada akhir.....intinya jadi tidak bisa login,sedih,1
2022-03-17 6:36:54,Not good,muak,5
2022-03-17 6:22:01,"Masih banyak bug, tolong diperbaiki lagi. Scan in dan scan outnya kadang error atau gak sesuai.",sedih,1
2022-03-16 11:33:58,Aplikasi loading lama,muak,5
2022-03-16 10:48:53,"Sering error bos, pakr pin tapi mute r trus..",muak,5
2022-03-16 8:48:22,"aplikasinya tolong perbaiki, login aja susah bener",marah,2
2022-03-16 8:09:18,Aplikasi lemot nyusahin,marah,2
2022-03-16 7:51:15,"Bingung aplikasi minta update, tapi begitu masuk play store tidak ada menu ""update"", adanya langsung ""open"", kirain udah nggak suport maklum hp jadul, ternyata cukup clear data aplikasi playstore nya, jadi muncul deh ""update"" nya",sedih,1
2022-03-16 4:44:31,Setelah update terakhir tidak bisa buka e pay slip,sedih,1
2022-03-16 0:07:17,"Udah di update malah error terus, gabisa diajak cepetÂ² nih aplikasi",marah,2
2022-03-15 8:29:42,Setelah update terakhir jadi eror terus (hampir SETIAP HARI EROR BOSS) padahal butuh bgt app ini untuk absen via mobile attendance (KARENA KERJA DI OUTPLANT)...ayolah team terkait cari solusi dan secepatnya perbaiki,takut,3
2022-03-15 8:05:37,Aplikasi lemot lama masuknya,marah,2
2022-03-15 5:42:44,"apk lemot,,kacau,,payah IT nya",marah,2
2022-03-14 22:38:03,Eror,marah,2
2022-03-14 22:34:21,"Aplikasi sering Error, tolong diperbaiki dong,demi kelancaran aktivitas karyawan",marah,2
2022-03-14 22:19:11,"Yg bener kalau bikin apps, banyak fitur banyak update, basic aja masih sering error. Menyulitkan!",marah,2
2022-03-14 4:42:58,"Notifikasi spam banget. 1x aja cukup,ini beberapa kali notifikasi yang sama muncul bersamaan",muak,5
2022-03-13 1:44:12,"Apk bagus buat karyawan cek absen gampang, cuma Kenapa ya setelah di update gak bisa buka e-payslip pak?",sedih,1
2022-03-11 7:05:33,Ok,netral,4
2022-03-11 3:05:45,ok,netral,4
2022-03-10 11:53:55,Kalau bikin updetan yang bener boss masih banyak bugnya....hadeeeh...,muak,5
2022-03-10 9:23:11,Ga bisa masuk slur,marah,2
2022-03-09 6:51:39,Manteep aplikasi ini sangat bantu saya,senang,0
2022-03-09 6:48:18,Server sering error,marah,2
2022-03-09 6:36:37,Mudah-mudahan lebih lancar lagi dalam membuka aplikasi nya,netral,4
2022-03-08 17:01:29,Security codenya nyusahin malah g bisa login,muak,5
2022-03-08 7:08:04,"Gua suka baca komen"" disini ğŸ¤£ Mantap lanjutkan bang",senang,0
2022-03-08 1:49:53,Update Mulu perasaan,marah,2
2022-03-06 23:52:12,"Aplikasi sudah cukup membantu & mempermudah karyawan, terimakasih usulan fitur chat sdh disediakan.. Saya tambah bintang lagi.. Meski belum coba fiturnya hehe..",netral,4
2022-03-06 10:18:50,Mantab pokoke,senang,0
2022-03-05 16:13:15,Semoga lebih diupgrade agar tidak sering eror ğŸ‘,netral,4
2022-03-05 10:47:56,Keren,senang,0
2022-03-05 0:03:47,"dari semalem aplikasi susah di update , saya hapus aplikasinya di download lagi malah tertunda terus , Gimana ini ya pdhal mau vaksin",marah,2
2022-03-04 9:11:47,Aplikasi ini sangat bermanfaat bagi karyawan sayangnya sering terjadi error dan load server penuh pada jam tertentu. Tolong perbaiki kekurangannya kalau bisa fitur kunci pin dihilangkan saja karena kurang efektif pada saat aplikasi ini dijalankan. Besar harapan saya supaya aplikasi ini dapat diperbaiki dalam tempo secepat-cepatnya. Atas perhatianya saya ucapkan terima kasih.,sedih,1
2022-03-04 9:06:09,Keseringan updet,netral,4
2022-03-04 2:07:25,lemot,marah,2
2022-03-03 23:50:55,Keseringan update pdhl apk dibuka tiap hari,netral,4
2022-03-03 23:03:51,Good,senang,0
2022-03-03 17:14:56,"Turunin rate nya dulu, aplikasi butuh buat harian, perbaruannya berminggu2....",netral,4
2022-03-03 16:09:37,Bro yda di update kok malah ga bisa kebuka...piye toh,sedih,1
2022-03-03 11:42:44,cukupbtau,netral,4
2022-03-03 8:58:01,Aplikasinya sering eror,marah,2
2022-03-03 7:06:15,Lbh asik kalo bisa login pake finger print,netral,4
2022-03-03 4:31:05,"Susah banget log in,kenapa tdk ada tanggapan dari AHM. Kita mau aktifitas spt apa klo suruh pakai apk tp tdk bisa digunakan?",netral,4
2022-03-03 2:46:58,"Suruh update tapi ga bisa buka....IT AHM mobile gimana nih,ga bisa kebuka.masa eror melulu",marah,2
2022-03-03 2:16:51,Baik,netral,4
2022-03-03 1:23:09,"Gara gara nih apk jadi telat 2,5 jam",netral,4
2022-03-02 23:27:03,OK banget,senang,0
2022-03-02 23:11:29,Kalo sdh bagus apk nya saya tambahin bintangnya,netral,4
2022-03-02 17:15:59,Update terooos... Menang banyak nih dari adsense,muak,5
2022-03-02 16:57:25,E-pay slip tolong benerinğŸ¥´,sedih,1
2022-03-02 16:57:09,Ø§Ø¬ÙŠØ¨,senang,0
2022-03-02 16:24:46,Sering Error,marah,2
2022-03-02 15:35:16,Aplikasi cacat,marah,2
2022-03-02 15:22:58,Kasih rating bru bisa update,muak,5
2022-03-02 13:43:10,Error,marah,2
2022-03-02 13:18:50,"Minta di update, tetapi pas masuk ke playstore nya tidak ada update",marah,2
2022-03-02 13:13:15,"iya nih minta update,tp menu update tdk ada malah minta buka dan dilik minta diupdate,nggak jelas ini aplikasi",marah,2
2022-03-02 11:55:27,Good,senang,0
2022-02-28 12:07:49,min updet data pribadi data otp belum masuk malah terblokis si gimana.pencerahan min,sedih,1
2022-02-25 4:06:01,"Apk jelek ajik, gabisa mabar",marah,2
2022-02-23 3:12:36,"Parah ... kode OTP buat update data personal kagax dikirim-kirim, padahan no.hp sudah benar dan aktif, tanya ke pic malah gx tau, saranin coba pake no.hp yang lain . Dicoba pake no.hp lain tetap gx dikirim-kirim juga kode OTP nya",sedih,1
2022-02-22 23:20:48,Mas developer semangat ya ğŸ˜†,netral,4
2022-02-21 9:46:52,Bagus,senang,0
2022-02-17 12:45:56,Sering eror,marah,2
2022-02-17 11:12:09,gila udh 3 hari kg bsa ke buka2.. pke wifi pake data jg sm aja. udh si kg ush update 2 terus. kasihan napa yg hp biasa aja..,marah,2
2022-02-17 0:30:37,"Masih butuh perbaikan, blm ada hasil yang membaik",netral,4
2022-02-16 13:21:17,Jos,netral,4
2022-02-16 3:52:45,Lupa pin utk verifikasi caranya gimana min??,sedih,1
2022-02-16 3:38:56,Sering error g jelas.. parah,marah,2
2022-02-16 2:21:58,Kenapa yh upgrade bio data pribadi padahal alamat sudah bener tapi selalu faild,marah,2
2022-02-16 0:38:36,"Bintang atu aja udh bagus,minta update mulu,giliran mau di pake buat update dt pribadi ga bisa,muter mulu klo mau digunakan",muak,5
2022-02-16 0:36:34,Ganti yamaha mobile z pak...,netral,4
2022-02-16 0:22:24,"Lemot....aplikasi sangat buruk,tolong,tolong.... boleh dibilang canggih 4.0 tp aplikasi begini.... sangat sangat sangat buruk",marah,2
2022-02-16 0:01:59,Erorr ko langganan ğŸ‘ğŸ‘ğŸ‘ğŸ‘ğŸ‘,marah,2
2022-02-15 12:40:46,"sudah uninstal dan instal kembali sampe 4 kali dalam durasi 3 jam cuman karena satu hal , ga bisa login ğŸ˜‚ğŸ˜‚ğŸ˜‚ tolong lah kasih nomor kontak center yg bisa di hubungin gitu bila terjadi kendala masalahnya keseringan bos",sedih,1
2022-02-15 12:27:11,Terimakasih dengan masuk aplikasi ini membuat saya ingat kepada Allah dan selalu istighfar....bintangnya 1 dulu kalo ada yg 1/8 pasti aku pilih.,netral,4
2022-02-15 10:26:34,"Aplikasi sering error, g bisa log in, Menyulitkan saat akan akses mobile attendance. Tolong segera di perbaiki",sedih,1
2022-02-15 10:20:47,Semoga hari ini lebih baik dari hari kemarin ğŸ™ğŸ¼,netral,4
2022-02-15 9:49:26,Susah bner cok buat masuk,marah,2
2022-02-15 9:15:44,Aplikasi nya lemotttt banget,marah,2
2022-02-15 9:09:34,"Tolong diperbaiki APKnya , apk terlemot yg pernah ada , nyalahin jaringannya , kalau ngga bisa bikin aplikasi ya udah ngga usah bikin , bukan sya doang yg ngeluh , smuanyaaa",muak,5
2022-02-15 8:52:45,Apk sering error,marah,2
2022-02-14 23:28:05,Makin berat aja nih aplikasi dibuka,marah,2
2022-02-14 15:46:14,Aplikasi kek tai,marah,2
2022-02-10 13:03:14,Kpsm kenapa berubah kebijakan.... :-(,sedih,1
2022-02-10 6:23:50,"kebijakan tambah menurun, kpsm saat ini malah ga bisa pilih yg diinginkan. dgn adanya platform golongan",sedih,1
2022-02-10 2:27:20,"Error mulu ,download lagi Error lagi Download lagi Error lagi Ehhh kuota abis lagi",marah,2
2022-02-09 23:14:48,"Aplikasi tolol bikin susah, ga jelas, busuk nih aplikasi, bikin aplikasi kok nyusahin orang, bego bener...",marah,2
2022-02-09 13:57:37,"Sinyal WiFi Full, tapi masuk aplikasi ini ga bisa ğŸ˜‚ AHM perusahaan bonafit dan masuk salah satu perusahaan otomotif terbesar di Indonesia bahkan dunia tapi bikin aplikasi asal2an gini, malu2in bgt sumpah.",marah,2
2022-02-09 8:35:18,Kalo lupa pswrd gmn resetnya?,sedih,1
2022-02-09 1:32:59,Mantap aplikasinya ğŸ‘,senang,0
2022-02-08 13:57:32,"Ni aplikasi jd kurang berguna ya, masa klik data pribadi sama yg lain malah dialihkan ke b2e portal, harus log in lg, abis itu ga lengkap hadeh, tolong segera perbaikannya",marah,2
2022-02-08 13:30:30,"Orang IT gajinya berapa ya ,msa iya dri dulu ini aplikasi lag lag mulu ,tolong dong tingkatin lg ,ini kan termasuk kebutuhan karyawan",takut,3
2022-02-08 4:20:23,KPSM KNP G BISA-BISA KEMBALI KE CARA MANUAL AJA LAHHH,marah,2
2022-02-08 1:37:58,KPSM kenapa ngga bisa??????,marah,2
2022-02-08 0:30:03,Selalu error di pagi hari. Menyulitkan yang butuh scan in di mobiln attendance. Tolong diperbaiki masÂ² IT.,muak,5
2022-02-07 20:41:58,"Tolong dong perbaikin,untuk pengajuan motor ny error' terus,tidak bs di buka,udh hampir 1 bulan bermasalah,habis di-update malah error'.",sedih,1
2022-02-07 10:45:28,Kenapa kpsm gak bisa di buka ya...eror terus,marah,2
2022-02-03 4:17:51,"Payah!!Sudah sebulan menu kpsm nya error,tidak ada solusi lain untuk pengajuannya dan tidak ada waktu kepastiannya sampai kapan bisa teratasi.Penanganan IT nya sangat lelet!!",marah,2
2022-02-02 8:44:11,Terlalu dlsering update,muak,5
2022-02-01 21:34:03,"Bingung bgt, katanya minta update giliran di update muter muter trs Di uninstall sama Bae muter muter jg...tolong penjelasannya....IT tolong segera benahi jngn gaya doank pke sepatu sneaker...",marah,2
2022-02-01 8:42:21,Sdh satu bln kpsm blm di uprop juga ada aplikasi tambah masalah,muak,5
2022-01-31 4:01:11,kenapa setelah update tertulis username dan password salah? padahal ga ganti password.,muak,5
2022-01-29 11:20:21,ga layak,muak,5
2022-01-29 0:58:32,Belum ada sebulan udah minta update lagi,netral,4
2022-01-28 9:41:45,parah aplikasi nya,marah,2
2022-01-28 7:24:28,Update terus rajelas,marah,2
2022-01-27 5:13:32,"Parah upgrade sebelumnya aplikasi gak bisa liat slip gaji,upgrade terbaru gakbisa pengajuan KPSM tolong di perbaiki",sedih,1
2022-01-26 0:18:26,Gud,netral,4
2022-01-25 3:46:44,Gaje,netral,4
2022-01-24 8:54:29,update terus tapi masih tetep suka error,marah,2
2022-01-22 2:52:05,Up..... KPSM.....,netral,4
2022-01-21 9:51:01,Asli aplikasi lemah bgt engine nya kurang bagus,marah,2
2022-01-20 23:45:24,update teros,muak,5
2022-01-20 15:05:11,Pengajuan kpsm belum bisa min???,takut,3
2022-01-20 11:27:28,Kebanyakan update...server lemot,marah,2
2022-01-20 8:45:05,Mantap,senang,0
2022-01-20 0:25:45,ğŸ‘,senang,0
2022-01-19 23:52:51,Update terus performa tetep ga bagus,muak,5
2022-01-19 9:08:24,"Update melulu parah,ğŸ‘ğŸ‘ğŸ‘ğŸ‘ğŸ‘",marah,2
2022-01-18 23:49:31,ğŸ‘ğŸ»ğŸ‘ğŸ»ğŸ‘ğŸ»,senang,0
2022-01-18 22:30:05,Banyak manfaatnya.....,senang,0
2022-01-18 20:26:38,"Pengajuan kpsm belum bisa dibuka,ada apa y?? Sudah diperbaharui,masih belum bisa",sedih,1
2022-01-18 16:28:25,Mudah digunakan,senang,0
2022-01-18 11:16:24,"Orang IT nya tol*l....masih belajar gaya gaya an bikin fitur baru,,,,cuma bikin lemot doang....kalo udh jd profesor boleh dah belagu laguan....t*l*l..... kebanyakan update,,,,,lemotnye nambah.... bujugdeh baru awal bulan maren update,,,,eh udeh minta update lagi aje.....suuueeee'....",marah,2
2022-01-18 7:05:51,Sangat berguna,senang,0
2022-01-18 6:26:18,Lebih mudah,senang,0
2022-01-18 5:50:54,Ok,netral,4
2022-01-18 0:57:12,Error' trus akh,muak,5
2022-01-18 0:45:34,Siip,netral,4
2022-01-18 0:02:07,Semakin Bermanfaat,senang,0
2022-01-17 22:27:49,update terus update terus ampun deh gk pentng bangtt kalo nmbahin sklian dong nangung amat !!,marah,2
2022-01-17 21:57:04,Keseringan update,marah,2
2022-01-17 16:50:53,Lebih fleksibel,netral,4
2022-01-17 16:14:47,Update teroooosssss,marah,2
2022-01-17 15:29:16,ok,netral,4
2022-01-17 15:13:14,Kenapa ngajuain kpsm kagak bisaaa....klo gtu lebih baik manual ajja...IT di gaji gede tapi aplikasi eror mulu...maka nya kalo rekrut jangan dri kampus rekanan doank...jangan pilih pilih...jadi IT nya yaa bgtu trus...kagak becus,muak,5
2022-01-17 13:37:16,Kpsm knp ini g bisa ?? Alasannya perbaikan aplikasi...sudah 1/2 bulan blm bener juga....hadeeeh,marah,2
2022-01-17 12:39:43,Kebanyakan update,marah,2
2022-01-17 10:35:12,"Ok,mantap banget",senang,0
2022-01-17 9:56:49,Sangat membatu sekali,senang,0
2022-01-17 9:51:56,"Kebanyakan abdet, fungsi sama saja",muak,5
2022-01-17 9:50:47,Okeh,netral,4
2022-01-17 9:03:15,Ok,netral,4
2022-01-15 1:13:52,"Gak bisa ngajuin KPSM,tolong di benerin ya min",sedih,1
2022-01-12 11:44:10,Gak bisa ngajuin KPSM... Tulisannya hub loan officer terus... Padahal tidak ada pinjaman apa2.... Motor jatah yg pertama sudah lunas dari 2020... solusinya gimana?,takut,3
2022-01-12 5:56:58,KPSM kenapa jadi bermasalah min.! ini jd malah mempersulit pengguna.,takut,3
2022-01-09 11:13:42,Bagus bgt ....,senang,0
2022-01-09 8:57:37,"Pengajuan KPSM tertunda krn selalu ""null"" â˜ºï¸",takut,3
2022-01-07 3:53:16,Oke dah,netral,4
2022-01-05 8:39:18,Bintang yg bicara,netral,4
2022-01-03 8:10:13,Membebani,marah,2
2022-01-02 23:15:34,"Kenapa sering eror , baru di install hbis itu hrus di unistall,",muak,5
2021-12-23 5:49:57,Lemotttttt kayak keong,marah,2
2021-12-21 3:26:42,"Nga bisa buka slip gaji , ampun ah Sudah lama banget bga bisa2 ..",marah,2
2021-12-16 0:48:16,"Alhamdulillah, Pake SONY XPERIA Aman, Buka payslip ga Ada masalah.",senang,0
2021-12-15 9:01:02,Sering eror,marah,2
2021-12-14 16:09:08,App nya cuma support ke hp tertenu.. mohon diperbaikiğŸ™,sedih,1
2021-12-14 8:51:08,Ok,netral,4
2021-12-13 9:43:55,Payah lemot doang,marah,2
2021-12-13 2:22:36,Up date teruuuuus bikin cuti ga bisa tooooolooooong dong ah jgn bikin susah,marah,2
2021-12-10 16:19:13,ok,netral,4
2021-12-10 12:26:16,Kenapa update trus...bosen kali org...cape deh,muak,5
2021-12-09 0:28:09,"Data absensi eror Mulu, kenapa ya",marah,2
2021-12-09 0:11:01,"Setelah diupdate, mau login ulang malah susah. Sampe bosen liat login muter2",muak,5
2021-12-08 23:59:45,Apa kata lu aja dah.,marah,2
2021-12-08 23:46:36,"Diperbarui bukanya malah bagus tapi malah susah aja, buat login aja susahnya minta ampun padahal baru di-update. Tolong perbaiki lagi sistemnya biar lebih baik lagi .",sedih,1
2021-12-08 23:31:29,Tolong di benahi kembali aplikasinya. Orang-orang pada gak bisa unduh E-Payslip. Kalo bisa dibenahi secepatnya!!!!,marah,2
2021-12-08 15:37:42,Update mulu,sedih,1
2021-12-08 8:41:38,Perbaiki lagi ya,netral,4
2021-12-08 8:38:18,Update teroooosss..,marah,2
2021-12-08 7:38:57,"Menu bpkb gak pernah di update ,tolong dong tim hrd dan it kerjasamanya,trimakasih",sedih,1
2021-12-08 7:12:28,mantap,senang,0
2021-12-08 4:12:58,E pay slip ga bisa DL,sedih,1
2021-12-08 4:03:27,Ok,netral,4
2021-12-08 3:39:14,Updete terus :-,muak,5
2021-12-08 3:01:39,Mantab,senang,0
2021-12-08 2:38:23,keseringan update tandanya kurang cerdas.,marah,2
2021-12-08 2:09:28,R mutu,netral,4
2021-12-08 1:32:16,Aplikasi gak bisa di buka,marah,2
2021-12-08 1:31:48,Oke,netral,4
2021-12-08 1:03:50,Slip gaji ga bisa dibuka gmn sii,marah,2
2021-12-08 0:18:26,"Aplikasi bagus,cepat dan terdedikasi tinggi mengetahui absen pengguna setiap harinya",senang,0
2021-12-08 0:10:57,Bagus,senang,0
2021-12-08 0:01:21,DiUpdate malah ga bisa akses,sedih,1
2021-12-08 0:00:29,update mulu kwalitas lelet,marah,2
2021-12-07 23:58:43,"Aplikasi gk jelas update mlu lemot , update tapi gk jelas",marah,2
2021-12-07 23:58:42,Kok ngga bisa masuk knapa yaa masa suruh update terus padahal udh di update,sedih,1
2021-12-07 23:58:32,"minta update, tapi setelah update malah gak bisa di buka aplikasi nya",sedih,1
2021-12-07 23:41:33,Sanagt bermanfaat,senang,0
2021-12-07 23:27:13,Ok,netral,4
2021-12-07 19:49:19,Good perfomance.,senang,0
2021-12-07 16:37:34,Goof,senang,0
2021-12-07 15:53:37,Mantap dan keren,senang,0
2021-12-07 12:41:04,Mantul Aplikasi nya,senang,0
2021-12-07 12:18:49,Lumayan,netral,4
2021-12-07 11:53:39,Update melulu...miris,muak,5
2021-12-07 11:50:55,Mantap,senang,0
2021-12-07 10:57:58,Sangat membantu,senang,0
2021-12-07 10:55:00,Sangat membantu,senang,0
2021-12-07 10:40:11,"parah, baru instal langsung minta update",muak,5
2021-12-07 8:39:50,Buat unduh slip gaji gak bisa..sdh un instal trs instal lagi tetap TDK bisa unduh slip gaji...segera perbaiki sistem biar gak berlarut larut... terimakasih,takut,3
2021-12-07 7:54:08,Tolong di perbaiki lagi sering keluar pas mau buka e Slipi,sedih,1
2021-12-06 17:57:58,Sdh d perbaharui malah g bs bk epay slip,sedih,1
2021-12-06 10:54:02,Di perbaharui malah gk bisa buka slip gaji gmn ini ğŸ¥º,sedih,1
2021-12-06 8:46:05,"Udah berkali kali Uninstal lalu di Instal lagi dan terus begitu sampai berulang ulang, tapi tetap aja gak bisa bisa mau unduh slip gaji. Seharusnya yang namanya ada pembaruan itu lebih baik dari yang sebelumnya, laah ini malah makin parah.",marah,2
2021-12-05 12:00:08,Tidak bisa di buka,marah,2
2021-12-03 19:14:11,Mendingan sebelum upgrade,netral,4
2021-12-03 15:44:37,Mantull...tp kenapa sudah diupdate untuk buka e payslip kok gak bisa ya?,takut,3
2021-12-03 13:12:52,"Setelah update malah ngacoo, download pay slip malah closing aplikasinya",marah,2
2021-12-02 18:04:07,Kenapa setelah pembaharuan tdk bisa membuka slip gaji... Saat di klik.. Slip gaji yg sudah ada Selalu kembali ke menu awal.,sedih,1
2021-12-02 13:07:04,makin di update makin jelek qualitas nya..,marah,2
2021-12-02 12:58:21,Jos,netral,4
2021-12-02 11:56:45,"Tidak bisa donlot slip,payah",marah,2
2021-12-02 7:30:21,Come om.... man.. niat gak bikin aplikasi... Gw emang g bisa bikin tapi gegara slip kertas ditiadakan mau gak mau harus pakai ini...,sedih,1
2021-12-02 7:03:29,Gmn ni epayslip g bisa di buka...,marah,2
2021-12-02 6:30:02,"Gaji karyawan kontrak turun krn omnibuslaw spsi diem diem bae hadehh. Keadilah sosial bagi seluruh kartap ğŸ˜ŒğŸ˜Œ. Tolong lah pak kami juga sama sama kerja. Minta kesejahteraanya aja. Tp yg sering didapet ya paling ""bersyukur aja udah, mumpung masih kerja disini""",sedih,1
2021-12-02 3:20:24,Sangat membantu,senang,0
2021-12-02 0:52:41,Tolong di perbaiki aplikasinya....buat liat slip gaji gak bisa.,sedih,1
2021-12-01 23:44:15,Kok malah hancur gini aplikasi nya? Tdk bisa unduh slip gaji dan sering error setelah di update....,marah,2
2021-12-01 23:37:46,"Setelah update Tidak bisa download Slip Gaji, aplikasi tiba2 keluar sendiri",marah,2
2021-12-01 5:55:51,Knpa gak bisa buka slip gaji ?,takut,3
2021-12-01 3:19:45,Min tolong perbaiki keluar aplikasi saat membuka E pay slip,sedih,1
2021-12-01 2:30:18,Makin keren pake security code,senang,0
2021-12-01 0:10:54,Ok,netral,4
2021-11-30 22:32:13,Memudahkan dalam hal adm. dll di intern dan luar kerjaan,senang,0
2021-11-30 22:14:14,Ok,netral,4
2021-11-30 18:34:56,Kurang,netral,4
2021-11-30 16:34:30,Setelah di update ko malah ga bisa dibuka ya apk nya?balik lagi ke update sama keluar,marah,2
2021-11-30 16:23:03,Gak jelas updet mulu,marah,2
2021-11-30 16:22:55,Parah nih liat E-payslip malah keluar sendiri .tolong di benarkan lagi takut nya ada orang yang butuh slip gaji buat DP motor /motor yg kredit .,sedih,1
2021-11-30 14:05:45,Mantappp,senang,0
2021-11-30 13:09:37,Cerdas,netral,4
2021-11-30 12:46:09,Mantul,senang,0
2021-11-30 12:09:50,Njossss,senang,0
2021-11-30 11:31:54,Install mulu,netral,4
2021-11-30 11:06:20,Update mulu,marah,2
2021-11-30 10:23:53,Maaf kasih 2 bintang aj...,sedih,1
2021-11-30 10:20:20,Udah update ttp gak bisa!!!,marah,2
2021-11-30 10:04:52,Ok,netral,4
2021-11-30 9:59:54,Oke,netral,4
2021-11-30 9:56:59,Mantap,senang,0
2021-11-30 9:50:26,Top,netral,4
2021-11-30 9:14:36,Oke,netral,4
2021-11-30 8:55:21,sangat puğŸ‘as,senang,0
2021-11-30 8:53:56,Mantab...,senang,0
2021-11-30 8:33:04,Baik sekali,senang,0
2021-11-30 8:32:21,"Mendapatkan informasi dari Perusahaan lebih cepat,sebagai alat komunikasi antara keryawan dan pihak perusahaan",senang,0
2021-11-30 7:59:10,Gajelas udh di updet malah ga bisa di buka tulisan nya updet mulu,muak,5
2021-11-30 7:55:55,"Aplikasi suka rewel , server sering down . Bisa di perbaiki lagi lah",muak,5
2021-11-30 6:57:39,"Sudah di update. Katanya ada feature baru. Tapi kenapa sekarang ga bisa unduh slip gaji. Jangankan unduh. Buat liat slip gaji yg bulan2 kemaren, ga bisa juga. Malah keluar sendiri dari aplikasinya. Mohon infonya, kenapa bisa gitu...",sedih,1
2021-11-30 5:52:44,mau login koq ga bisa2 kesalahan 00008,sedih,1
2021-11-30 5:14:12,Belum bisa update versi terbaru,sedih,1
2021-11-30 4:51:56,Ok,netral,4
2021-11-30 4:38:14,Sangat bagus,senang,0
2021-11-30 4:31:36,Ok,netral,4
2021-11-30 3:19:10,Mantap,senang,0
2021-11-30 2:38:01,Oke,netral,4
2021-11-30 2:21:06,Memudahkan,senang,0
2021-11-30 1:31:28,Aplikasi bagus,senang,0
2021-11-09 9:32:13,Jmbott,marah,2
2021-10-30 22:36:19,Saya turunin dari 3 ke 1 bintang..karena updet mulu.. Katanya bug fix...eh bner2 FIX makin BUG aja ini..... Wwwooooooyyyyy ... Jgn cuma maunya didownload trus Untung mulu..benerin bner bner laaaahhhh.....,marah,2
2021-09-06 0:46:30,Untuk pengajuan pinjaman Bpkb punya saya blm bisa,sedih,1
2021-08-25 13:41:49,Mantep,senang,0
2021-08-21 9:59:59,"harapan saya pt ahm memberikan edukasi tentang masalah kekerasan di tempat kerja,sering dapet cerita dari temen2 ada yang atasannya suka main tangan,padahal cuman salah sedikit,dan salahpun manusiawi,kekerasan di tempat kerja bukan hal sepele dan tidak pernah ada training tentang cara lapor apabila kita mengalami kekerasan di tempat kerja,lebih bagus lagi di ahm mobile ditambahkan fitur lapor,karena walaupun banyak yang sudah jadi korban sangat jarang yang berani lapor.",sedih,1
2021-08-19 22:51:37,Good and easy,senang,0
2021-08-18 9:13:56,Membantu sekali aplikasinya,senang,0
2021-08-04 4:21:18,Sering error,marah,2
2021-08-01 2:10:39,Server kadang lemot Mohon lebih di kuatkan lagi,sedih,1
2021-07-27 9:13:25,Jos,netral,4
2021-07-26 11:35:18,Erorr mulu,marah,2
2021-07-17 6:12:24,Diperbaruhin dong pilihan kpsmnya foto motornya tdk lengkap dan beat baru blum ada,sedih,1
2021-07-16 23:48:06,Kenapa di setiap login eror punya saya,marah,2
2021-07-16 11:23:26,Bos ini knp keluar ngga bisa masuk lagi kodenya 0015,sedih,1
2021-07-16 6:38:14,"Habis update malah gg bisa login,,, payyah...",muak,5
2021-07-15 20:35:29,"Banyak yang bilang....masih banyak errornya.Terutama saat memakai mobile attendance.... Kacau....repot karena kesalahan system,yang bisa berakibat SPğŸ˜©",muak,5
2021-07-11 20:35:35,Oke deh sekarang,netral,4
2021-07-02 23:16:55,Gak bisa di update ğŸ˜‚ğŸ˜‚ğŸ˜‚,marah,2
2021-06-30 16:41:26,Sangat istimewa sekali...,senang,0
2021-06-27 23:12:39,Susah bgt buat scan in/ out di mobile attandance. Problemnya Kalau Jaringan lemah. Samsek ga bisa konek.,marah,2
2021-06-18 4:11:27,JossğŸ‘,senang,0
2021-06-14 0:04:42,Aplikasi ga pernah bener... Muter2 loading terus padahal jaringan bagus,sedih,1
2021-06-13 5:06:57,"tolong kesejahteraan gajih karyawan kontrak AHM di perhatiin. jangan di samain kaya gajih Alfamart, tolong kebijakannya. contohnya yamaha bisa lebih memperhatikan karayawan kontrak nya",sedih,1
2021-05-28 4:00:40,Aplikasi update mulu tapi kebanyakan error pas digunakan.,marah,2
2021-05-01 22:19:34,"Mohon di cek ,, Log in lama..",sedih,1
2021-04-30 8:11:32,Manfaat,netral,4
2021-04-29 10:58:38,"Mohon diperbaiki min, untuk log in nya lama.",marah,2
2021-04-29 6:21:05,Bad,marah,2
2021-04-28 23:32:51,Sering gangguan server penuh,marah,2
2021-04-28 23:29:17,1bintang dlu tar klo udah kaga lemot gue rubah,muak,5
2021-04-28 23:27:50,Pake hosting gretongan kali ya apk sangad lemoddddd,marah,2
2021-04-28 23:10:47,Server lemot xixixii,muak,5
2021-04-28 22:44:22,Kenapa ga bisa log in yaa,marah,2
2021-04-28 20:32:43,Server down parah,marah,2
2021-04-28 18:13:22,Suka eror,marah,2
2021-04-28 14:44:06,Ok,netral,4
2021-04-28 9:56:17,"Masak habis di update malah gak bisa login,tolong lebih di perbaiki lagi.",muak,5
2021-04-28 7:23:56,Bagus,senang,0
2021-04-27 8:06:16,Terlalu banyak update,netral,4
2021-04-27 6:02:11,Gak bisa login.. aplikasi apa ini...,marah,2
2021-04-26 23:42:54,Oke,netral,4
2021-04-26 20:45:22,Ok,netral,4
2021-04-26 17:08:23,Terbantu,senang,0
2021-04-26 15:37:56,Terlalu lama loading nya,netral,4
2021-04-26 11:29:16,Ok,netral,4
2021-04-26 11:12:13,Good,senang,0
2021-04-26 8:49:55,Tingkatkan terus,netral,4
2021-04-26 3:57:10,Sy sdh berulang kl login tp gak bs k buka jg pjsal username ataw password udh benar,marah,2
2021-04-23 22:19:22,Bagus,senang,0
2021-04-23 1:39:04,Bagus sekali ....sangat membantu,senang,0
2021-04-22 13:34:57,Ok,netral,4
2021-04-22 13:21:04,Update teruss,marah,2
2021-04-22 9:10:43,Cukup,netral,4
2021-04-22 8:52:07,"Update Mulu ningkat mah kaga ,malah makin lemot",marah,2
2021-04-22 7:58:47,Ok,netral,4
2021-04-22 1:19:31,Ok,netral,4
2021-04-21 23:15:49,Lumayan,netral,4
2021-04-21 9:33:29,"Tuman Update, error, update, error",marah,2
2021-04-21 7:39:19,Komplit,netral,4
2021-04-20 23:36:29,Jangan sering2 updatelah...,marah,2
2021-04-20 23:28:25,Bagus dan mempermudah.,senang,0
2021-04-20 23:25:21,Update mulu terooosss . Ngebug mulu terooosss !!!,marah,2
2021-04-20 13:44:19,Hapus download ulang Hapus download ulang,muak,5
2021-04-20 13:27:16,Minta update terus,marah,2
2021-04-20 9:15:59,ok,netral,4
2021-04-20 9:06:54,good,senang,0
2021-04-20 8:48:44,"Good job, tingkatkan lebih baik lagi.",senang,0
2021-04-20 7:57:43,Bagus,senang,0
2021-04-20 5:51:12,"Mohon di perbaiki, jangan bentar bentar update troosssss",marah,2
2021-04-19 7:57:38,Dodol tahu,muak,5
2021-04-16 23:52:09,Perlu ditingkatkan lagi.,netral,4
2021-04-14 8:59:13,Bagus Aplikasi nya Bisa sangat lah membantu,senang,0
2021-04-13 13:12:05,"Mohon perbaiki server nya min, saya mau cek absensi pas udah di klik malah disuruh login ulang.. Pas udah login ulang eh sama aja terus kek gitu disuruh login ulang kembali Mohon respone min, terimakasih sebelum nya ğŸ™",sedih,1
2021-04-08 15:55:32,"ini aplikasi cuma bisa liat data doang, scan in gua ga kebaca tgl 30 maret bikin memo tgl 31 maret di aplikasi gak updateÂ² sampe sekarang tgl 8 april, bikin fitur upload memo lah min!. biar yg absen nya bermasalah bisa update memo mandiri dgn cara foto memo, nnti tinggal di verivikasi oleh pihak HRD, KARENA KADANGKALA ADMIN SEKSI SIBUK!!!.. buat anak kontrak TA 1 sangat berpengaruh untuk nasib kedepannya loh.!.",sedih,1
2021-04-07 1:49:46,Kacauu bermasalah mulu,muak,5
2021-03-29 22:46:38,"Harap d tingkatkan lagi,",netral,4
2021-03-24 19:44:34,Yaya ok,netral,4
2021-03-24 12:27:34,"Kaya nih yg bikin apk..dikit"" update..barangkali buat tim IT kopkar ahm mau bikin aplikasi kopkar untuk anggota,bagus tuh...IDP nih",netral,4
2021-03-22 7:04:44,Ok,netral,4
2021-03-20 2:34:56,Bagus,senang,0
2021-03-19 9:58:39,Mntap,senang,0
2021-03-17 8:47:25,Mantap,senang,0
2021-03-17 3:43:54,Luar biasa,senang,0
2021-03-15 4:15:11,lumayan,netral,4
2021-03-14 21:13:31,Tetap semangat,netral,4
2021-03-14 12:19:36,Lola updte mulu suka error,muak,5
2021-03-13 16:45:15,Yeer,netral,4
2021-03-13 12:33:14,Good,senang,0
2021-03-13 0:12:31,Good,senang,0
2021-03-12 22:26:53,Mantapppp,senang,0
2021-03-12 19:00:44,mantap kali,senang,0
2021-03-12 6:55:52,Untuk submit masih lama. Mohon bisa diperbaiki. Agar lbh cepat lagi.,sedih,1
2021-03-12 0:05:28,Keren,senang,0
2021-03-11 18:20:29,Saya lebih banyak melakukan update daripada membuka aplikasinya,muak,5
2021-03-11 13:58:24,Ok,netral,4
2021-03-10 11:35:01,Ini aplikasi lemot bangeettt....ga ada yang lebih lemot lg apa yakk......,marah,2
2021-03-10 10:03:05,Bagus sekali,senang,0
2021-03-10 1:43:30,"Masih perlu banyak penyempurnaan, update terakhir selalu mengarahkan login ulang, padahal mendesak mau Buat cuti.",sedih,1
2021-03-09 16:16:40,"Sangat membantu sekali buat pengecekan absensi, mantap dah AHMğŸ’¯",senang,0
2021-03-09 14:59:10,Bagus,senang,0
2021-03-09 13:18:17,Bagus,senang,0
2021-03-09 11:12:10,Bagus bgt,senang,0
2021-03-09 9:44:35,Maju terus,netral,4
2021-03-09 9:07:31,Assalamualaikum,netral,4
2021-02-25 8:14:12,Mantap,senang,0
2021-02-15 6:49:46,Pcx 160 belum ada di list kpsm .,sedih,1
2021-02-12 4:23:23,Bagus,senang,0
2021-01-30 10:05:46,Tolong tambahkan fitur notifikasi pop up jika ada masalah dengan scan kehadiran absen harian!,sedih,1
2021-01-29 23:38:50,Parah gwa ngprik kok gak masuk pas tadi pulang shif 2 trus ini gwa sabtu lembur prik in blm masuk parahhh bangettt sering eror,marah,2
2021-01-04 11:47:22,Ok aja,netral,4
2021-01-04 3:28:16,Memuaskan,senang,0
2021-01-02 7:03:04,msh belum bs login sdh 4 hari,sedih,1
2020-12-31 13:05:33,Aplikasi ribet.sering error,marah,2
2020-12-30 19:47:58,Good,senang,0
2020-12-28 13:13:24,Kenapa ga bisa masuk ya min,sedih,1
2020-12-16 2:42:40,Kita ini karyawan lho ingat jgn menjelek jelekan tempat kerja sendiri,netral,4
2020-12-04 12:53:05,Salam satu hati,netral,4
2020-11-27 9:50:24,Ok bos Honda,netral,4
2020-11-19 17:10:30,"Update terus, kagak becus becus.",marah,2
2020-11-17 23:07:12,Jelek kebanyakan update tau duit,marah,2
2020-11-17 4:26:56,Ok,netral,4
2020-11-16 5:00:25,Mantul,senang,0
2020-11-16 0:26:14,sangat membantu saya untuk informasi terkait pekerjaan,senang,0
2020-11-15 17:09:20,server kadang down,marah,2
2020-11-13 9:08:29,"Server penuh mulu.... Baru di update, error' Mulu. Ni serius ga sih? Bikin aplikasi",muak,5
2020-11-13 8:33:20,Memudahkan,senang,0
2020-11-13 7:30:21,Oli nya mantap s,senang,0
2020-11-12 15:01:24,Udh update lagi aja hadeh,marah,2
2020-11-12 3:26:53,Ok,netral,4
2020-11-10 17:27:38,Ok,netral,4
2020-11-09 23:02:42,Ok,netral,4
2020-11-09 8:48:28,Lemot,marah,2
2020-11-09 5:56:37,"Parah,sering erorr dan kurang pas penggunaan nya,knp ga di gabung semua Shc,medicare,oh iya AHM mobile nya aja sudah susah masuknya..?sering eror lagi",marah,2
2020-11-08 14:18:23,Ok,netral,4
2020-11-06 6:26:23,Mantaps,senang,0
2020-11-05 23:54:08,Keseringan update,muak,5
2020-11-05 21:50:33,Sangat membantu,senang,0
2020-11-05 12:45:21,Masih banyak yg menyulitkan .. Pengalaman baru saat pengajuan ketidak hadiran ( orang tua meninggal) sehabis di-update tdk bisa SUBMIT SUKSES,sedih,1
2020-11-05 12:06:04,Makin good,senang,0
2020-11-04 15:33:35,"Tjakep, lanjutken anak muda...",senang,0
2020-11-04 13:06:08,Top,netral,4
2020-11-04 12:55:05,Kurang memuaskan.,marah,2
2020-11-04 9:28:49,Sering update kenapa tidak bikin aplikasi 1 sekalian biar tidak update terus,muak,5
2020-11-04 9:13:15,Terima kasih,netral,4
2020-11-04 9:01:17,Sangat membantu,senang,0
2020-11-04 9:01:09,Update terus sedangkan buka appnya aja lola,muak,5
2020-11-04 7:03:45,Mantap,senang,0
2020-11-04 6:27:07,Nice,netral,4
2020-10-28 4:54:06,Ok mantabs,senang,0
2020-10-27 16:38:57,Nyusahin,marah,2
2020-10-25 3:52:39,Sering terjadi error sistem,muak,5
2020-10-24 7:04:42,Pilihan motor di menu KPSM tidak lengkap krna ad bbrapa pilihan warna yg tidak tercantum contoh:All New Beat CBS ISS Silver tidak ada :(,sedih,1
2020-10-01 7:59:34,Masih sering error,marah,2
2020-10-01 0:40:41,"Mau ajuin KPSM,server bermasalah terus. Ada masalah apa sebenarnya?",sedih,1
2020-09-30 15:16:22,Alhamdulillah segala sesuatunya menjadi mudah,senang,0
2020-09-29 16:43:39,Kerap eror,muak,5
2020-09-28 7:17:44,Ok,netral,4
2020-09-27 12:23:55,Abdete terus cuy hh,muak,5
2020-09-26 10:12:46,Keseringan update,muak,5
2020-09-25 4:12:05,Membantu,netral,4
2020-09-24 23:52:23,"Dikit2 update,sbntr2 update.nih aplikasi dipake tiap hari coyy & penting buat ngecek absensi kita..tp asal mau dipake suruh update mulu sementara jaringan internet di pabrik memble,mlh jd nya nyusahin karyawan",sedih,1
2020-09-24 14:40:02,Masuk nya susah/ga bisa,sedih,1
2020-09-23 23:57:07,Sering banget error gajelas Wkk,muak,5
2020-09-23 12:37:45,Blom lama Update dah minta update lagi...ğŸ¤¦â€â™‚ï¸,muak,5
2020-09-23 8:49:11,Ok,netral,4
2020-09-23 0:41:58,Keseringan minta update Kalo bukan karena ingin lihat absensi n slip gaji mah males update update terus..masa minta update bisa beberapa kali dalam sebulan Perbaikilah min,sedih,1
2020-09-23 0:05:44,Update mulu yg bikin apk makin kaya kita yg rakyat ora ada lembur,muak,5
2020-09-22 0:53:10,"Tiap bntar update trs,tp makin ga jls nih apk .yg bkin nih apk bloon apa emg sngaja nyari duit.oi honda lg pait bgini bkan nyavmembantu mlah bkin susah",marah,2
2020-09-22 0:41:30,Sering eror gak langsung update hasilnya,muak,5
2020-09-22 0:06:59,Aplikasi error lemot Tolong di perbaiki lagi,sedih,1
2020-09-21 21:28:19,bagus,senang,0
2020-09-21 8:49:38,Banyak hal yg perlu dperbaiki,netral,4
2020-09-21 6:41:13,Update aja terooooss. Aaassuuuuu kontol,marah,2
2020-09-21 4:22:02,"Abis di update mlah gabisa ngisi shc lagi di ahm mobile, harus ke b2e jadi ribet",marah,2
2020-09-21 3:45:23,"Keseringan update, klo mau buat nanggung bgt.. buat full adm skalian, daftar antrian renovasi skalian di buat, jd ga tanya2 HRD trs, biar ga ada sistem sodok..",marah,2
2020-09-21 1:36:39,Jaringan baik,netral,4
2020-09-20 22:57:46,"Baru juga kemarin update kok sekarang update lagi, jadi males buat make",muak,5
2020-09-20 15:28:56,Shc mana?lenyap?,netral,4
2020-09-20 1:58:05,sudah kembali normal. mohon lebih stabil,netral,4
2020-09-19 22:13:00,sering ngadat,marah,2
2020-09-19 15:18:36,"Baru update satu hari kemaren udah minta update lagi, enak amat nyari duitnya dari update",muak,5
2020-09-19 8:13:05,Mantap,senang,0
2020-09-19 1:27:52,Ok,netral,4
2020-09-18 17:29:37,Baru tadi update sekarang minta update lagi,muak,5
2020-09-18 15:33:10,Ok,netral,4
2020-09-18 14:21:12,Mudah digunakan,senang,0
2020-09-18 13:28:07,Bagus,senang,0
2020-09-18 12:46:21,Oke,netral,4
2020-09-18 11:54:32,Update terussss (â€¢[.]â€¢),muak,5
2020-09-18 10:06:42,"Ada apa dengan upgrade versi ini, kenapa mobile attendance tidak bisa? Klik menu apa yang keluar malah beda.",sedih,1
2020-09-18 9:58:58,"Semakin buruk!!!!! Habis uldate malah ngaco, yg di klik apa yg keluar menu lain!!!",marah,2
2020-09-18 9:33:59,Mantap,senang,0
2020-09-18 9:06:22,good,senang,0
2020-09-18 9:04:36,Kudu lebih cepat perbaikan,netral,4
2020-09-18 8:48:54,"Minta update mulu, risih, ribet!",marah,2
2020-09-18 7:04:48,Ok,netral,4
2020-09-18 6:23:38,Habis update langsung ngaco....... Gimana nih?,sedih,1
2020-09-18 6:14:19,Kbnykn erorrnya....,marah,2
2020-09-09 22:57:24,Lumayan bagus,netral,4
2020-08-31 13:55:29,Ok,netral,4
2020-08-29 7:22:42,"aplikasi apaan ini,di update ko malah ngga bisa kebuka",marah,2
2020-08-18 11:06:20,Susah dibuka,marah,2
2020-08-06 22:08:31,Parah server down mulu bikin susah log in pdhl sinyal kenceng,sedih,1
2020-07-29 4:16:45,Tolong untuk pengisian cuti non cuti besar ada rumusan sesuai dg PKB biar memudahkan pengisian dan mengetahui jumlah cuti yg diterima karyawan...banyak kejadian yg cutinya harusnya dapat 3 hari cuma ambil hari..ada yg 2 jg itu terjadi karena ketidaktahuan dari informasi dari PKB apalagi untuk anak baru...terimakasih,sedih,1
2020-07-28 8:52:18,Parah absen ga keliatan saua TA 2x,sedih,1
2020-07-26 23:12:53,"Server e lemod , sekelas ahm kok aplikasinya Abal Abal",muak,5
2020-07-24 8:30:23,Sangat sangat buruk.. login susah stengah mati.. sosialisasi wajib digunakan sblum masuk kerja ... perbaiki dulu servernya biar gak ngelag bandwichnya digedein ...,marah,2
2020-07-23 22:54:33,Jozz,senang,0
2020-07-23 22:35:58,Loading nya agak lama,marah,2
2020-07-23 21:13:52,Susah di buka,marah,2
2020-07-23 15:31:24,Sangat membantu,senang,0
2020-07-23 12:12:45,Min. Ko saya udah download berkaliÂ². Kenapa aplikasi nya ga bisa di buka terus ..,marah,2
2020-07-23 0:00:23,Terlalu sering update,muak,5
2020-07-22 8:36:20,Mangkin lengkap,netral,4
2020-07-22 8:02:24,Lancar,netral,4
2020-07-22 4:21:08,Ok,netral,4
2020-07-22 3:21:54,Terus improved... Mantapu...,senang,0
2020-07-22 2:29:05,"Saran aja, untuk menu kotak masuk, di singkron kan aja ke email astra / intra, biar lebih praktis kalo mo ngecek email.",netral,4
2020-07-22 1:55:31,Mantap,senang,0
2020-07-22 0:20:05,"Aplikasi ahm mobile keren ,mudah dipahami dan sangat mambantu untuk karyawan ahm",senang,0
2020-07-21 23:46:44,Semua jadi lebih mudah,senang,0
2020-07-21 23:45:26,Bendino kok ngupdate teros ki,marah,2
2020-07-21 23:40:30,Oke,netral,4
2020-07-21 23:38:13,Terbantu,senang,0
2020-07-21 22:59:43,Kurang pro,netral,4
2020-07-21 12:40:27,One Heart,netral,4
2020-07-21 11:41:50,"Salam satu hati, semoga ahm tetap maju. Aamiin",netral,4
2020-07-21 11:02:22,Ribet,muak,5
2020-07-21 10:16:59,Guud lah,netral,4
2020-07-21 10:13:15,Aplikasi kadal buduk minta update mulu,muak,5
2020-07-21 10:02:57,Good,senang,0
2020-07-21 9:20:45,Biar bintang lima yang bicara ğŸ˜,senang,0
2020-07-21 9:04:41,Terllu banyak update,muak,5
2020-07-21 9:01:09,oke,netral,4
2020-07-15 0:27:58,Login susah eror trus,marah,2
2020-07-14 11:50:02,Sering error autentifikas 00013.Gmn nih mo ngecek absen.Sering bgt ky gini.,sedih,1
2020-07-11 16:30:24,Good,senang,0
2020-07-09 19:35:56,"tiba tiba log out sendiri dan ga bisa login lagi udah di coba terus download hapus download hapus tetep aja ga bisa masuk, dah lah :(",sedih,1
2020-06-26 7:40:23,Ok oke,netral,4
2020-06-13 6:47:19,"Min, gambar motor di menu KPSM ga muncul nih. Minta tolong donk.",takut,3
2020-06-06 12:27:44,Jos,netral,4
2020-06-01 23:55:57,Aplikasi sering eror mohon perbaikkannya seperti aplikasi blm siap...,sedih,1
2020-05-31 12:16:51,90204 PTPL,netral,4
2020-05-25 17:04:05,"Aplikasi ky tai, pembaharuan mulu kwalitas ble'e",marah,2
2020-05-19 16:01:25,Helpfully,senang,0
2020-05-19 5:49:43,Apk ora mutu.,marah,2
2020-05-18 12:35:10,Sangat perlu,senang,0
2020-05-17 13:47:28,Perasaan sering minta update mulu neh aplikasinya.....?,sedih,1
2020-05-05 7:09:30,sering error,marah,2
2020-05-05 0:45:22,Suka eror,marah,2
2020-05-04 23:29:47,"Min, koq menu mobile attandance nya ga bisa ya.. Tiap di klik balik k menu utama. Jd aq ga bs scan in n scan out saat WFH. Keterangan nya jadi TA melulu. Udah coba clear cache, log out trus log in lagi. Udah uninstall dl aplikasi nya trus re install lagi... Hasilnya pada bae. Gimana nih..??",sedih,1
2020-05-04 23:25:21,Force close terus woi,marah,2
2020-05-04 22:30:58,"Load server terbatas??? Selalu masalah saat WFH, bolak-balik uninstall-install tdk menyelesaikan masalah. Masih susah masuk scan di mobile Attendance.",sedih,1
2020-05-04 21:40:08,Ga bisa dibuka terus nih.. Di iphone tolong di sediakan dong !!!!,marah,2
2020-05-04 21:36:18,Kebanyakan bug..absen nutup sendiri trus mempersulit kerjaan,muak,5
2020-05-04 21:33:40,"Kenapa load server penuh dari kemarin sampe sekarang gk bisa akses mobile attendance, mohon segera diperbaiki karena absen bergantung pada aplikasi ini dikala WFH",sedih,1
2020-05-04 3:45:51,Bagus,senang,0
2020-05-03 22:31:04,Good,senang,0
2020-05-03 22:29:08,Pagi ini mobile attendance bermasalah lagi..permasalahan dibugnyağŸ˜’,sedih,1
2020-05-03 22:17:36,Loading terlalu lama..perbaiki lagi biar lebih cepet.,sedih,1
2020-05-03 21:34:56,"hp saya yang jelek,sinyalnya yg jelek atau ğŸ¤”",muak,5
2020-05-03 19:27:14,Tidak bisa akses mobile attendence selalu keluar. Absen jadi ga bisa. Jgn minta update terus tp malah ga bisa akses bikin susah,marah,2
2020-05-02 9:11:36,Keseringan pembaharuan...,muak,5
2020-05-01 1:25:30,Terlalu sering update. Isinya ga banyak berubah. Jd terganggu kl sdang mendesak. Musti upgrade aplikasi dlu,sedih,1
2020-04-30 22:00:49,Sudah banyak yang komplain gara-gara minta update terus..tolong perbaiki sistemnya dan tolong di respon dengan baik. Kita memakai aplikasi ini ingin mempermudah bukan malah di persulit.,sedih,1
2020-04-30 15:51:30,Kebanyakan update ga jelas,muak,5
2020-04-30 8:58:18,KeseÅ•ingen update..,muak,5
2020-04-30 6:56:48,Sangat membantu,senang,0
2020-04-30 5:27:51,Nice,senang,0
2020-04-30 3:59:48,Ok,netral,4
2020-04-30 0:44:38,AHM adalah sawah ladang kita yg harus kita jaga bersama,netral,4
2020-04-29 17:17:59,"Setelah di update tidak makin bagus. Saya jadi ga bisa scan out, selalu muncul ""server tidak dapat merespon aplikasi"". Hmm :(",marah,2
2020-04-29 11:10:01,Mantaap,senang,0
2020-04-29 8:13:40,Sue,netral,4
2020-04-29 7:40:16,Ok,netral,4
2020-04-29 6:42:03,Tambahin notifikasi scan in Ama out dong....plus jarangin updatenya napa,sedih,1
2020-04-29 6:30:49,"Satu kata fucek , update Mulu tapi makin jelek asw, kalau kaga bisa mending buat game RPG aja,",marah,2
2020-04-29 5:28:26,Good,senang,0
2020-04-29 3:56:34,Nyusahin karyawan Susah sekali ngajuin laporan ketidak hadiran karena di Rawat di RS Tlolong bantuan nya cara upload surat keterangan dari RS sudah bolak balik ngga bisa bisa Aplikasi kok nyusahin Boros kuota apa ada imbal balik buat karyawan ?Yg ada karyawan repot sendiri Kita ini di indonesia kenapa mesti menggunakan bahasa inggris ? Tolong ganti menggunakan bahasa indonesia saja Update br seminggu minta upsate lagi ngabisin kuota aja,sedih,1
2020-04-29 2:30:25,Aplikasi ga jelas,muak,5
2020-04-29 2:30:14,"Saya sudah lunas kpsm, tp kenapa masih belum bisa ngajuin lagi ? Tulisannya pembayaran belum selesai, pdhl saya sudah lunas",marah,2
2020-04-29 1:38:46,ğŸ‘,senang,0
2020-04-29 1:25:11,Ok,netral,4
2020-04-28 23:53:46,Masa tiap bulan update mulu,muak,5
2020-04-28 22:42:30,Semoga kedepanya ada notifikasi buat absensi pada saat absen.,netral,4
2020-04-28 21:46:44,ga bisa melulu nih klo update padahal sinyal jos...,marah,2
2020-04-28 15:58:07,Salam satu hati,netral,4
2020-04-28 15:44:04,Loading cepat,netral,4
2020-04-28 14:51:52,Payah sering minta update terus.... terakhir update tgl 27 april 2020 masa tgl 28 April 2020 di minta update lagi... Mohon lebih baik lagi...,muak,5
2020-04-28 14:14:37,Tolong tmbhkn notifikasi jika sdh scan in atau scan out dan notifikasi update ahm mobile biar klo lemot bisa sgra di updte,sedih,1
2020-04-28 14:07:30,Tidak ada iklannya,netral,4
2020-04-28 13:44:31,"Aplikasi minta Update terus ,,masa tiap minggu update",muak,5
2020-04-28 13:23:22,"sering ga bisa dibuka, klo lg urgent mau DL ato cuti jd TA gara2 nih aplikasi sering GAJE.. ga ada kompensasi otomatis pula, tetep aja jd TA.. saya yakin banyak yang pinter di IT sini, tp tolong diperbaiki jangan asal2an dikejar deadline dari BOS jd bikin aplikasi ini SEADANYA YG PENTING ADA dulu.. F*** ud gitu lebih seringan update-nya drpd bisa kebukanya..",takut,3
2020-04-28 12:08:29,masa iya setiap bulan update app sampe 3X tp app msh gituÂ² aja susah dibuka mohon ditingkatkan lagilaah stiap update makin susah dibuka,muak,5
2020-04-28 11:59:46,Mantul,senang,0
2020-04-28 10:45:50,Good,senang,0
2020-04-28 10:44:33,Tingkatan lagi. Kelebihannya otomatisnya jgn lemoot soalnya sering banget ganti2 aplikasi,netral,4
2020-04-28 9:57:32,Effective,senang,0
2020-04-28 9:56:14,"Kenapa harus selalu update pembaruan padahal baru 1 hari di update,",marah,2
2020-04-28 9:11:11,Terlalu sering up date bos...,marah,2
2020-04-28 9:04:37,Bikinan siapa sebenernya ?? Kok ga joss !!,muak,5
2020-04-28 8:53:51,Masih perlu perbaikan.masih dua hari harus update,netral,4
2020-04-28 8:01:11,mengapa mina di update setiap hari ya?,sedih,1
2020-04-28 7:40:08,mantap,senang,0
2020-04-28 7:29:42,Mantul,senang,0
2020-04-28 7:10:54,mempermudah administrasi...,senang,0
2020-04-28 7:06:31,"Baru di update seminggu yg lalu, kenapa ini minta di update lagi, aplikasi nya jelek, masa belom ada sebulan udah minta update 3x yg bener aja, di kita paket tinggal mintakğŸ˜’",sedih,1
2020-04-28 6:50:16,Payah Update terus gada perubahan signifikan,muak,5
2020-04-28 6:46:04,Honda JAYA!!,senang,0
2020-04-28 6:43:48,"Update mulu ,,,",marah,2
2020-04-28 6:32:27,Oke bgt,netral,4
2020-04-28 6:27:20,Kalo mau cek slip selalu pembaruan.tax,netral,4
2020-04-28 6:26:28,mantap,senang,0
2020-04-28 5:33:53,"Aplikasi dipakai jarang di-update sering, hadeh payah...",marah,2
2020-04-28 4:47:35,Saya kasih bintang aja habis terlalu sering downlod ulang,sedih,1
2020-04-26 7:55:34,Update mulu,marah,2
2020-04-24 18:40:04,Sangt membantu dalam pekerjaan saya,senang,0
2020-04-24 11:46:59,Responsibilitas apknya masih lambat,marah,2
2020-04-24 2:36:10,Laporan,netral,4
2020-04-23 22:36:36,Sering Bugs,marah,2
2020-04-23 10:47:30,Kaloa ada yg bug itu tergantung dari hpnya dan kekuatan jaringan.,muak,5
2020-04-22 15:20:52,Sangat membantu,senang,0
2020-04-22 14:56:37,"Cukup bagus, sering update karena tuntutan target bisa mengakomodir hampir mayoritas keperluan karyawan PT AHM..",senang,0
2020-04-21 20:08:14,Mantap,senang,0
2020-04-21 9:39:46,Perbaiki bugs nya... Update nya lama,muak,5
2020-04-20 14:36:58,Deneng sering update sii,marah,2
2020-04-20 13:24:51,Aplikasi kga jelas,marah,2
2020-04-20 13:00:43,Sering error,marah,2
2020-04-20 12:40:35,Jos,netral,4
2020-04-20 10:11:03,ok,netral,4
2020-04-20 7:35:12,Bagus,senang,0
2020-04-20 3:45:36,Keseringan minta di update,marah,2
2020-04-19 23:19:00,Top,netral,4
2020-04-19 22:57:34,Sangat membantu,senang,0
2020-04-19 22:52:08,OkayğŸ‘,netral,4
2020-04-19 15:13:49,Tolong perbaiki sekarang kok ga bisa login.. Mau ngecek data gabisa jadinya.. hadeh ğŸ˜¢,marah,2
2020-04-19 12:07:23,Keseringan updet,marah,2
2020-04-19 11:32:40,Sangat membantu,senang,0
2020-04-19 0:43:44,Aplikasi jozzz mantaaap,senang,0
2020-04-18 23:03:51,"Keren, mempermudah karyawan",senang,0
2020-04-18 12:21:51,Nyusain sering update klw kuotanya habis gimanah ?hadew,marah,2
2020-04-18 10:51:45,Ok,netral,4
2020-04-18 10:12:01,Update mulu,marah,2
2020-04-18 9:46:37,Good,senang,0
2020-04-18 5:23:40,Top,netral,4
2020-04-18 4:07:20,Sering error nggak bisa dibuka.. Mungkin sudah harus update cuma opsi update nya nggak muncul.. Tapi setelah update lumayan lancar,sedih,1
2020-04-17 13:14:45,optimal,senang,0
2020-04-17 11:59:28,Ok,netral,4
2020-04-17 9:19:18,"Membantu, mempermudah..",senang,0
2020-04-17 5:20:14,"tolong tambahin fitur notifikasi ketika sudah Scan IN / OUT dong.. jadi setelah absen nanti dapet pemberitahuan di status bar entah email, sms, atau dari ahm mobile nya..",netral,4
2020-04-17 0:57:10,Lebih mudah dipahami,senang,0
2020-04-17 0:26:33,Ok,netral,4
2020-04-17 0:02:14,Ok bangey,netral,4
2020-04-16 23:35:47,"Aplikasi kebanyakan bug, kebanyakan update mulu",marah,2
2020-04-16 16:52:27,Sering error,marah,2
2020-04-16 13:51:54,Aplikasi AHM mobile sering error Harus koreksi absen,marah,2
2020-04-16 12:14:45,Mantap,senang,0
2020-04-16 11:48:29,Aplikasi ini simbol kemajuan teknologiğŸ‘ğŸ‘ğŸ‘,senang,0
2020-04-16 11:32:54,Lebih ditingkatkan lagi fungsi dan kemampuan aplikasi agar tidak sering tertutup sendiri saat sedang digunakan. Terima kasih,netral,4
2020-04-16 10:57:24,Mohon di buatkan live chat biar memudahkan karyawan jika ada kendala.,netral,4
2020-04-16 4:24:43,Ok,netral,4
2020-04-16 3:25:35,Open close klo dibuka aplikasinya,netral,4
2020-04-16 0:13:40,"Aplikasi keluar terus, gak bisa masuk2, udah un-install dan install ulang",marah,2
2020-04-15 23:54:06,Gmn nih ahm mobile bru d buka pas msuk trs ilang nya cepet bener bru mw dlihat ..tolong d perbaikin lg tuh aplikasi biar gampang d aksesnya .mksh,netral,4
2020-04-15 23:48:00,Saat ini aplikasi error,sedih,1
2020-04-11 21:26:58,Aplikasi kacau,marah,2
2020-04-08 8:54:13,Kecewa apdet terus.. dimohon untuk d perbaiki lagi ya...,marah,2
2020-04-04 0:50:30,sering error. membuat pengguna harus login ulang. kadang saat login juga sering gangguan. akibatnya tidak bisa login. dan tidak ada panduan fungsi setiap fitur yang ada di dalam aplikasinya,muak,5
2020-03-31 23:34:46,Jdi lemot pas login ... apakah sistem nya down,marah,2
2020-03-31 11:27:04,Gak bisa download slip gaji PDF,sedih,1
2020-03-31 11:25:09,Update malah bkin ga bisa log in :(,marah,2
2020-03-30 10:20:06,E playsip kenapa gabisa dibuka,marah,2
2020-03-29 23:07:15,Aplikasi bagus dan sangat membantu sekali. Kelemahannya sering offline tolong diperbaiki lagi agar bisa online terusss....,netral,4
2020-03-29 18:44:54,Mantap tingkatkan terusss,senang,0
2020-03-29 12:33:53,top,netral,4
2020-03-28 3:16:01,Buka epayslip ko ga bisa ya,sedih,1
2020-03-28 1:00:31,mantul,senang,0
2020-03-27 14:34:57,Applikasi ko minta update mulu...hemmmm,marah,2
2020-03-27 13:42:02,Oke,netral,4
2020-03-27 12:50:40,Kok saya ga bisa liat slip gaji? Gimana caranya liat slip gaji?,sedih,1
2020-03-27 12:23:07,"Sangat membantu, salam SatuHati",senang,0
2020-03-27 7:19:53,Sering update,sedih,1
2020-03-27 1:50:58,Good,senang,0
2020-03-27 1:04:18,OK,netral,4
2020-03-27 0:50:15,Membantu dengan cepat,senang,0
2020-03-26 23:56:33,Good,senang,0
2020-03-25 23:13:00,Baik,senang,0
2020-03-25 12:17:23,Tolong perbaiki yang sering error2 itu.,netral,4
2020-03-25 5:20:32,Dont,netral,4
2020-03-24 11:29:06,Jelek. Mesti up gred mulu,marah,2
2020-03-24 8:01:55,Ok,netral,4
2020-03-24 3:05:39,Ok,netral,4
2020-03-23 23:34:13,mempermudah proses administrasi,senang,0
2020-03-23 23:32:23,up,netral,4
2020-03-23 23:32:06,Mengapa data2 di b2e tidak di ahm mobile sekalian.,netral,4
2020-03-23 18:53:26,Lumayan dari pada yg dlu,netral,4
2020-03-23 14:21:50,Aplikasi cemen..pebaharuan mulu..,muak,5
2020-03-23 12:40:00,Cepat akurat,senang,0
2020-03-23 12:19:15,Mantaps,senang,0
2020-03-23 12:02:03,Mantab...,senang,0
2020-03-23 12:00:58,Ok,netral,4
2020-03-23 8:35:30,Baru 2 hari update...mnta update lg...hadeeh...abal2 banget,marah,2
2020-03-23 8:27:17,Terlalu banyak pembaruan tanpa perubahan. Masuknya susah,marah,2
2020-03-19 23:58:34,Ok mantap,netral,4
2020-03-19 2:32:22,Ok,netral,4
2020-03-18 15:50:34,Good job,senang,0
2020-03-18 11:29:14,Gak bisa buat buka slip gaji,sedih,1
2020-03-18 0:10:25,Oke banget....,netral,4
2020-03-17 22:54:42,Ok,netral,4
2020-03-17 9:08:42,Update terus gak ada perubahan mau masuk aja susah padahal jaringan oke. Cari untung terus lewat pembaruan. Goblooookkk!,netral,4
2020-03-15 6:16:18,Ga bisa login.Kode kesalahan 00003.Ud login pake HP lain jg tetep ga bisa. Gmn ngecek absen DLL. Makin lama tmbh bikin susah.,marah,2
2020-03-14 13:39:28,ok,netral,4
2020-03-14 6:25:17,Kebanyakan di update...,sedih,1
2020-03-13 23:38:15,"Ibarat kata update itu cuma buat nambah adsense google, coba atuh di update terlihat perbedaannya. Sekelas perusahaan bonafit loh, masa iya punya apk sering bug, lemot.",muak,5
2020-03-13 17:08:25,Tips,netral,4
2020-03-13 17:01:55,Mantap,senang,0
2020-03-13 7:55:54,"Update mulu fitur sama, bikin pusing yang punya aplikasi",netral,4
2020-03-13 7:43:02,Cakep,netral,4
2020-03-13 5:33:42,Bagus,senang,0
2020-03-13 2:05:41,gud,senang,0
2020-03-13 0:54:50,"susah lodingnya,baru d updat ,buka suruh updat lagi,mau laporan,aplikasinya lelet.",marah,2
2020-03-13 0:21:12,Ok,netral,4
2020-03-13 0:07:37,ok sipppp,netral,4
2020-03-12 23:47:35,Terlalu sering pembaruan,netral,4
2020-03-12 23:36:19,jos,netral,4
2020-03-12 17:28:11,Sangat membantu,senang,0
2020-03-12 16:50:13,Bagus,senang,0
2020-03-12 16:42:17,Cukup bagus,netral,4
2020-03-12 12:16:07,Ok,netral,4
2020-03-12 12:02:07,Bagus sekali,senang,0
2020-03-12 11:10:01,"Mohon di tambahkan notifikasi di hp lgsg setelah scan in/out, untuk mempermudah kita kontrol absensi sudah masuk apa belum.. Trima kasih",netral,4
2020-03-12 10:03:56,"Terima kasih sudah membuat aplikasi ini sangat membantu dalam hal absensi , dll .. masalah /bug pasti ada karena saya tau susahnya buat aplikasi & ini sudah terbaik , terima kasihh team developer",senang,0
2020-03-12 9:46:55,Ok,netral,4
2020-03-12 8:51:49,Ok,netral,4
2020-03-12 6:17:08,Untuk update perlu memory besar,netral,4
2020-03-12 5:58:38,Good,senang,0
2020-03-12 0:13:00,"error code 00013. ""Tidak dapat melakukan autentikasi pengguna external""",marah,2
2020-03-11 23:56:35,Kembangkan terussğŸ‘Œ,netral,4
2020-03-11 23:52:00,Joossss.....,senang,0
2020-03-11 23:47:54,Tob,netral,4
2020-03-11 23:39:16,"update mulu tapi tidak ada peningkatan. loading lambat, server sering error. SAYA KECEWA dgn aplikasi ini.",marah,2
2020-03-11 23:39:12,"Kam***t udah susah login,update terus ğŸ˜ªğŸ–•",marah,2
2020-03-11 23:29:35,Mendukung,netral,4
2020-03-11 18:12:34,Mantab,netral,4
2020-03-11 16:36:52,Uapik tenan,senang,0
2020-03-11 16:30:55,"Udah update login gagal trs, kode kesalahan 00013. Mohon penjelasan nya hp xiaomi mi max 3",sedih,1
2020-03-11 16:12:14,"Tolong lah biar bisa masuk, sangat menyulitkan karyawan buat lihat absen",marah,2
2020-03-11 13:46:46,Baru di download udah ga bsa di buka.ehh minta di update lagi..aduuhh,marah,2
2020-03-11 12:10:48,Ok,netral,4
2020-03-11 12:10:10,Siip,netral,4
2020-03-11 12:00:18,Ok,netral,4
2020-03-11 11:44:36,Habis Update susah banget login nya.. Hadeuh !!,marah,2
2020-03-11 7:15:05,"Mohon pihak yg berkaitan. Saya gabisa login, udah hampir seminggu. Terimakasih",marah,2
2020-03-11 6:48:52,G bsa login,marah,2
2020-03-11 3:12:01,Woooy ga bisa login kode kesalahan 00013 mulu apaan nich,marah,2
2020-03-10 17:30:43,Log in susah,marah,2
2020-03-10 16:47:53,"Aplikasi tidak berguna, tolong pihak honda benarin ini aplikasi nya karna tidak login...",muak,5
2020-03-10 16:38:43,Aplikasi lemot dan sering error,marah,2
2020-03-10 1:46:34,Sangat membantu,senang,0
2020-03-07 8:02:26,"Aplikasi Sudah Oke , Lebih oke lagi Kalau di Tambahin Info Libur Kerja Untuk Tahun Ini 2020",netral,4
2020-02-29 17:37:46,yang tadinya ga ribet jadi ribet..sejatinya maju dalam kemunduran,sedih,1
2020-02-28 6:30:50,Maju terus ahm,netral,4
2020-02-28 2:40:42,"Sering kali menu tdk bisa d buka, harus di un-install . Download ulang ğŸ˜’",sedih,1
2020-02-27 9:09:51,"Dear tim IT ahm,,,cb d buat notif ketika scan in dan out,,krna klo cek d apknya loading ke servernya lamaaaa,,krna kesibukan dan kbutuhan sehingga lupa tuk scan in atau out,,,buatlah permudah bukan mempersulit,,terutama notif atau servernya agar d percepat supaya lebih mudah saat mengakses apk ahm mobile,,tks sblmnya",netral,4
2020-02-24 14:54:03,Layanan mantap,senang,0
2020-02-23 8:56:45,Usulan kalo bisa dibuatkan notifikasi muncul diatas layar handphone. Ketika melakun scan in dan out.,sedih,1
2020-02-20 10:44:56,Bagus,senang,0
2020-02-17 9:35:25,Amazing,senang,0
2020-02-15 9:40:47,Aplikasi lemot...,muak,5
2020-02-14 2:52:22,Bagus,senang,0
2020-02-12 19:45:39,Approvale pengajuan motor dr loan officer lama,marah,2
2020-02-11 13:08:23,Pokok'e Joss,senang,0
2020-02-11 1:17:51,Cepat,netral,4
2020-02-07 1:14:03,Oke bangat.. Salam OneHeART,netral,4
2020-02-05 16:10:09,Ga ada data mulu,marah,2
2020-02-05 6:55:50,Lemot amat,muak,5
2020-02-04 21:51:40,Bagus,netral,4
2020-02-03 21:57:33,bagus bgt,senang,0
2020-02-02 23:27:04,3 * dulu,netral,4
2020-02-02 12:51:43,Jos,netral,4
2020-02-02 11:19:12,Aplikasi yang nyaman,senang,0
2020-02-01 1:21:51,ğŸ‘,senang,0
2020-02-01 1:16:40,Kerens banget aplikasi nya,senang,0
2020-01-31 23:24:10,Aplikasi yang sangat membantu keseharian karyawan AHM # Bisa cek absen setiap hari # Bisa cek saldo medical # Bisa membuat pengajuan ketidakhadiran,senang,0
2020-01-31 14:07:56,buat apa ada menu pass pengeluaran barang kalau di plant 4 & 5 masih harus pake yang manual dari logistik..,netral,4
2020-01-31 11:03:21,Mantab,senang,0
2020-01-30 18:27:00,Sangat membantu,senang,0
2020-01-30 16:02:32,Sangat membantu sekali,senang,0
2020-01-30 14:50:59,Top,netral,4
2020-01-30 11:43:12,joz gandoz,senang,0
2020-01-30 9:10:07,Lihat dulu terkadang lemot,netral,4
2020-01-30 2:37:50,Loading,netral,4
2020-01-30 1:50:16,Mantab,senang,0
2020-01-30 1:30:18,Jooosss,senang,0
2020-01-29 16:51:00,Joz,senang,0
2020-01-29 13:42:32,Aplikasi bagus..cmn minta perbarui trus,netral,4
2020-01-29 11:02:05,Mantafff,senang,0
2020-01-29 9:09:38,Baik,netral,4
2020-01-29 8:51:28,Aplikasinya mazih buruk banyak errorny,muak,5
2020-01-29 8:37:40,Ok,netral,4
2020-01-29 7:19:50,Jadi lebih baik.. Good job,senang,0
2020-01-29 6:08:11,Ok,netral,4
2020-01-29 5:44:08,Sering update,marah,2
2020-01-29 4:50:30,Ok,netral,4
2020-01-29 4:27:13,Goodjob,senang,0
2020-01-29 3:39:38,Ok,netral,4
2020-01-28 19:39:46,"Memudahkan mendapat informasi"" di perusahaan.. salam satu hati..",senang,0
2020-01-28 18:00:46,Keseringan minta update..komersil banget ğŸ‘ğŸ‘,muak,5
2020-01-28 13:00:04,Mempermudah,senang,0
2020-01-28 12:41:36,Joussss... Mau update muter2 kaya ...gangsing,muak,5
2020-01-28 12:05:12,Jos,netral,4
2020-01-28 8:49:10,ok,netral,4
2020-01-28 8:07:07,Mantap,senang,0
2020-01-28 5:08:07,Lebih detail lagi,netral,4
2020-01-28 4:50:48,Good,senang,0
2020-01-28 2:55:55,Jos,netral,4
2020-01-28 2:38:32,Bagus,senang,0
2020-01-28 2:32:50,We love honda sangat membantu.. terimakasih,senang,0
2020-01-28 2:13:43,Top,netral,4
2020-01-28 0:51:47,Lebih di tingkatkan lg,netral,4
2020-01-28 0:27:33,Oke,netral,4
2020-01-28 0:23:29,Ok Banget Terima Kasih,netral,4
2020-01-28 0:10:33,Mantap,senang,0
2020-01-28 0:03:28,Ok sajalah,netral,4
2020-01-28 0:01:37,Bagus,senang,0
2020-01-27 23:55:20,Sangat bermanfaat,senang,0
2020-01-27 23:20:21,Good,senang,0
2020-01-27 23:19:18,Kalau mau login susah banget,marah,2
2020-01-27 12:32:13,Sangat membantu bgt ..,senang,0
2020-01-26 23:47:56,"Dari Jumat Karin mau masuk ke aplikasi susah banget loading berat akhirnya error...jadi hasilnya kan Tanpa Alasan,,,karena berobat ke Rumah sakit,hari ini Senen juga masih Lola...hadeuh",sedih,1
2020-01-26 23:38:49,Ok,netral,4
2020-01-26 16:23:15,Tolong di perbaiki lagi aplikasinya karena masih kesulitan untuk mengakses aplikasi seperti server penuh dan lainnya... Salam satu hati.,sedih,1
2020-01-26 3:22:59,"Gmna ini saya mau bikin cuti dari tg 24 dan nyampe sekarang ga bisa2 masuk,login susah tekadang masuk loading buset di tinggal nyuci piring masi loading bae,klo misal rusak cepet perbaikin lah ini masalah nya absen,bukan nya malah mudahin ko skrng agak ribet ya,sory nih kluhan saya karna kesel uda 3 hari kaya gtu trus.",sedih,1
2020-01-24 22:09:50,Praktis.kapan dan dimana saja administrasi terkontrol.,senang,0
2020-01-24 18:06:58,Ok,netral,4
2020-01-23 10:14:05,Alhamdulilah ydah bsa kebuka lagi....setelah beberapa hari ga konek,netral,4
2020-01-22 1:50:36,"Aplikasinya cukup bagus sangat membntu dan memberikan kemudahan, hanya untuk masuk ke aplikasi terkadang sering sulit, loadingnya terkadang lama... Mungkin kedepannya bisa jauh lebih baik lagi terutama saat masuk lebih enteng dan mudah. Terimakasih... Salam one heart",netral,4
2020-01-21 14:12:49,Sering eror dan tidak bisa login.,marah,2
2020-01-21 5:35:06,"Kenapa 2 hari ini tidak bisa login? selalu muncul ""tidak bisa melakukan autentikasi pengguna external""",sedih,1
2020-01-20 16:51:09,Grade A,senang,0
2020-01-20 3:28:51,Ini kenapa sering ga bisa connect ke server sih??perbaikannya mana!!,takut,3
2020-01-20 1:34:24,"Dear Team Ahm Mobile, Hari ini 20.01.2020 setelah aplikasi di update kenapa ga bisa login? Mohon bantuanya terkait masalah ini Dengan kode error 00013 Terimaksih, semoga cepat ada tindak lanjut terkait masalah ini Salam satu hati",sedih,1
2020-01-20 0:31:58,"Server ny tolong diperbaiki, mau log in aj susah",sedih,1
2020-01-19 4:59:36,kenapa login gabisa bisa tolong diperbaiki lagi servernya,sedih,1
2020-01-17 18:35:07,"Susah Login, masih banyak bug... Tolong diperbaiki karena aplikasi ini berkaitan dengan data dan tentunya uang.. munculkan notif di hp user klo habis tap absen agar memudahkan karyawan mengetahui sudah absen.. jadi tidak repot2 buka aplikasi yg login nya aja susah..",takut,3
2020-01-15 11:05:01,Bagus,senang,0
2020-01-14 10:27:26,ğŸ‘ğŸ’–ğŸ’–ğŸ’–ğŸ’–ğŸ’–,senang,0
2020-01-13 15:09:57,Masih error nih,muak,5
2020-01-10 0:43:06,Keseringan update dan seringkali susah login,muak,5
2020-01-10 0:11:20,Oookk,netral,4
2020-01-09 10:50:59,Gud mamank :v,senang,0
2020-01-08 12:32:43,Ok,netral,4
2020-01-08 11:20:10,Kenapa akhir2 ini tidak bisa membuka e-payslip min ?,muak,5
2020-01-08 9:23:37,Baik,netral,4
2020-01-08 3:15:14,Jgn keseringan mnt update dong bos,muak,5
2020-01-08 1:56:35,Mantappp,senang,0
2020-01-07 3:01:14,Mantap,senang,0
2020-01-06 12:06:53,Top markotop,senang,0
2020-01-06 6:52:11,Ok bangeeeet,netral,4
2020-01-05 16:54:23,baik,senang,0
2020-01-03 11:19:59,Good,senang,0
2020-01-03 8:31:57,Ok mantap,netral,4
2020-01-03 6:07:48,Cucok lah,senang,0
2020-01-03 0:21:27,Sangat bagus,senang,0
2020-01-02 22:34:21,Tingkatan fungsi & kecepatan aksesnya,netral,4
2020-01-02 0:45:58,Kurang,netral,4
2020-01-01 23:01:39,Salam satu hati,netral,4
2020-01-01 15:55:07,Mantap sekalii,senang,0
2020-01-01 12:01:25,Ajib,senang,0
2020-01-01 4:37:05,Sangat memuaskan,senang,0
